id,fold
GRAMPA_4,1
GRAMPA_5,1
GRAMPA_6,1
GRAMPA_9,1
GRAMPA_10,1
GRAMPA_14,1
GRAMPA_16,1
GRAMPA_19,1
GRAMPA_22,1
GRAMPA_25,1
GRAMPA_26,1
GRAMPA_27,1
GRAMPA_29,1
GRAMPA_31,1
GRAMPA_33,1
GRAMPA_36,1
GRAMPA_38,1
GRAMPA_39,1
GRAMPA_40,1
GRAMPA_41,1
GRAMPA_42,1
GRAMPA_47,1
GRAMPA_48,1
GRAMPA_49,1
GRAMPA_50,1
GRAMPA_53,1
GRAMPA_60,1
GRAMPA_65,1
GRAMPA_67,1
GRAMPA_68,1
GRAMPA_70,1
GRAMPA_71,1
GRAMPA_72,1
GRAMPA_73,1
GRAMPA_77,1
GRAMPA_79,1
GRAMPA_80,1
GRAMPA_81,1
GRAMPA_83,1
GRAMPA_88,1
GRAMPA_89,1
GRAMPA_93,1
GRAMPA_94,1
GRAMPA_96,1
GRAMPA_97,1
GRAMPA_99,1
GRAMPA_101,1
GRAMPA_102,1
GRAMPA_106,1
GRAMPA_108,1
GRAMPA_109,1
GRAMPA_110,1
GRAMPA_114,1
GRAMPA_117,1
GRAMPA_118,1
GRAMPA_119,1
GRAMPA_121,1
GRAMPA_122,1
GRAMPA_129,1
GRAMPA_130,1
GRAMPA_131,1
GRAMPA_133,1
GRAMPA_135,1
GRAMPA_138,1
GRAMPA_139,1
GRAMPA_143,1
GRAMPA_144,1
GRAMPA_148,1
GRAMPA_152,1
GRAMPA_154,1
GRAMPA_160,1
GRAMPA_164,1
GRAMPA_168,1
GRAMPA_169,1
GRAMPA_171,1
GRAMPA_175,1
GRAMPA_177,1
GRAMPA_178,1
GRAMPA_179,1
GRAMPA_180,1
GRAMPA_185,1
GRAMPA_187,1
GRAMPA_194,1
GRAMPA_196,1
GRAMPA_207,1
GRAMPA_209,1
GRAMPA_214,1
GRAMPA_223,1
GRAMPA_224,1
GRAMPA_229,1
GRAMPA_232,1
GRAMPA_235,1
GRAMPA_237,1
GRAMPA_238,1
GRAMPA_240,1
GRAMPA_250,1
GRAMPA_258,1
GRAMPA_259,1
GRAMPA_260,1
GRAMPA_261,1
GRAMPA_263,1
GRAMPA_264,1
GRAMPA_266,1
GRAMPA_267,1
GRAMPA_268,1
GRAMPA_275,1
GRAMPA_276,1
GRAMPA_277,1
GRAMPA_278,1
GRAMPA_279,1
GRAMPA_280,1
GRAMPA_282,1
GRAMPA_283,1
GRAMPA_285,1
GRAMPA_286,1
GRAMPA_288,1
GRAMPA_290,1
GRAMPA_291,1
GRAMPA_292,1
GRAMPA_293,1
GRAMPA_294,1
GRAMPA_299,1
GRAMPA_300,1
GRAMPA_301,1
GRAMPA_303,1
GRAMPA_304,1
GRAMPA_305,1
GRAMPA_308,1
GRAMPA_312,1
GRAMPA_316,1
GRAMPA_317,1
GRAMPA_318,1
GRAMPA_319,1
GRAMPA_324,1
GRAMPA_326,1
GRAMPA_335,1
GRAMPA_336,1
GRAMPA_337,1
GRAMPA_346,1
GRAMPA_349,1
GRAMPA_350,1
GRAMPA_352,1
GRAMPA_353,1
GRAMPA_354,1
GRAMPA_355,1
GRAMPA_357,1
GRAMPA_358,1
GRAMPA_360,1
GRAMPA_363,1
GRAMPA_364,1
GRAMPA_368,1
GRAMPA_369,1
GRAMPA_370,1
GRAMPA_371,1
GRAMPA_372,1
GRAMPA_373,1
GRAMPA_375,1
GRAMPA_377,1
GRAMPA_379,1
GRAMPA_380,1
GRAMPA_384,1
GRAMPA_387,1
GRAMPA_388,1
GRAMPA_396,1
GRAMPA_397,1
GRAMPA_399,1
GRAMPA_407,1
GRAMPA_408,1
GRAMPA_414,1
GRAMPA_415,1
GRAMPA_420,1
GRAMPA_421,1
GRAMPA_425,1
GRAMPA_430,1
GRAMPA_433,1
GRAMPA_435,1
GRAMPA_436,1
GRAMPA_443,1
GRAMPA_445,1
GRAMPA_446,1
GRAMPA_447,1
GRAMPA_458,1
GRAMPA_460,1
GRAMPA_462,1
GRAMPA_466,1
GRAMPA_474,1
GRAMPA_477,1
GRAMPA_479,1
GRAMPA_481,1
GRAMPA_485,1
GRAMPA_489,1
GRAMPA_491,1
GRAMPA_494,1
GRAMPA_495,1
GRAMPA_498,1
GRAMPA_501,1
GRAMPA_502,1
GRAMPA_506,1
GRAMPA_514,1
GRAMPA_523,1
GRAMPA_526,1
GRAMPA_537,1
GRAMPA_538,1
GRAMPA_543,1
GRAMPA_550,1
GRAMPA_551,1
GRAMPA_554,1
GRAMPA_556,1
GRAMPA_563,1
GRAMPA_566,1
GRAMPA_569,1
GRAMPA_571,1
GRAMPA_574,1
GRAMPA_583,1
GRAMPA_586,1
GRAMPA_597,1
GRAMPA_598,1
GRAMPA_599,1
GRAMPA_600,1
GRAMPA_603,1
GRAMPA_613,1
GRAMPA_614,1
GRAMPA_619,1
GRAMPA_624,1
GRAMPA_628,1
GRAMPA_629,1
GRAMPA_633,1
GRAMPA_640,1
GRAMPA_644,1
GRAMPA_647,1
GRAMPA_657,1
GRAMPA_658,1
GRAMPA_660,1
GRAMPA_661,1
GRAMPA_663,1
GRAMPA_664,1
GRAMPA_665,1
GRAMPA_666,1
GRAMPA_678,1
GRAMPA_679,1
GRAMPA_680,1
GRAMPA_683,1
GRAMPA_686,1
GRAMPA_687,1
GRAMPA_690,1
GRAMPA_691,1
GRAMPA_692,1
GRAMPA_697,1
GRAMPA_698,1
GRAMPA_699,1
GRAMPA_708,1
GRAMPA_718,1
GRAMPA_730,1
GRAMPA_734,1
GRAMPA_735,1
GRAMPA_739,1
GRAMPA_742,1
GRAMPA_743,1
GRAMPA_750,1
GRAMPA_752,1
GRAMPA_753,1
GRAMPA_763,1
GRAMPA_771,1
GRAMPA_776,1
GRAMPA_779,1
GRAMPA_782,1
GRAMPA_787,1
GRAMPA_788,1
GRAMPA_790,1
GRAMPA_808,1
GRAMPA_810,1
GRAMPA_811,1
GRAMPA_818,1
GRAMPA_823,1
GRAMPA_831,1
GRAMPA_833,1
GRAMPA_834,1
GRAMPA_836,1
GRAMPA_839,1
GRAMPA_844,1
GRAMPA_851,1
GRAMPA_854,1
GRAMPA_856,1
GRAMPA_858,1
GRAMPA_865,1
GRAMPA_870,1
GRAMPA_879,1
GRAMPA_886,1
GRAMPA_889,1
GRAMPA_895,1
GRAMPA_897,1
GRAMPA_903,1
GRAMPA_910,1
GRAMPA_922,1
GRAMPA_925,1
GRAMPA_932,1
GRAMPA_935,1
GRAMPA_936,1
GRAMPA_938,1
GRAMPA_940,1
GRAMPA_950,1
GRAMPA_951,1
GRAMPA_952,1
GRAMPA_953,1
GRAMPA_964,1
GRAMPA_971,1
GRAMPA_977,1
GRAMPA_982,1
GRAMPA_983,1
GRAMPA_986,1
GRAMPA_994,1
GRAMPA_995,1
GRAMPA_1004,1
GRAMPA_1009,1
GRAMPA_1015,1
GRAMPA_1016,1
GRAMPA_1023,1
GRAMPA_1025,1
GRAMPA_1030,1
GRAMPA_1035,1
GRAMPA_1036,1
GRAMPA_1039,1
GRAMPA_1040,1
GRAMPA_1041,1
GRAMPA_1061,1
GRAMPA_1062,1
GRAMPA_1064,1
GRAMPA_1066,1
GRAMPA_1072,1
GRAMPA_1082,1
GRAMPA_1095,1
GRAMPA_1096,1
GRAMPA_1101,1
GRAMPA_1105,1
GRAMPA_1109,1
GRAMPA_1116,1
GRAMPA_1120,1
GRAMPA_1121,1
GRAMPA_1122,1
GRAMPA_1123,1
GRAMPA_1134,1
GRAMPA_1136,1
GRAMPA_1138,1
GRAMPA_1149,1
GRAMPA_1150,1
GRAMPA_1155,1
GRAMPA_1160,1
GRAMPA_1175,1
GRAMPA_1178,1
GRAMPA_1184,1
GRAMPA_1188,1
GRAMPA_1192,1
GRAMPA_1194,1
GRAMPA_1197,1
GRAMPA_1206,1
GRAMPA_1209,1
GRAMPA_1210,1
GRAMPA_1211,1
GRAMPA_1214,1
GRAMPA_1220,1
GRAMPA_1222,1
GRAMPA_1233,1
GRAMPA_1237,1
GRAMPA_1245,1
GRAMPA_1248,1
GRAMPA_1251,1
GRAMPA_1260,1
GRAMPA_1273,1
GRAMPA_1279,1
GRAMPA_1280,1
GRAMPA_1284,1
GRAMPA_1285,1
GRAMPA_1287,1
GRAMPA_1292,1
GRAMPA_1302,1
GRAMPA_1304,1
GRAMPA_1305,1
GRAMPA_1313,1
GRAMPA_1318,1
GRAMPA_1319,1
GRAMPA_1339,1
GRAMPA_1344,1
GRAMPA_1346,1
GRAMPA_1348,1
GRAMPA_1365,1
GRAMPA_1371,1
GRAMPA_1374,1
GRAMPA_1391,1
GRAMPA_1396,1
GRAMPA_1408,1
GRAMPA_1411,1
GRAMPA_1412,1
GRAMPA_1423,1
GRAMPA_1428,1
GRAMPA_1429,1
GRAMPA_1441,1
GRAMPA_1453,1
GRAMPA_1455,1
GRAMPA_1462,1
GRAMPA_1463,1
GRAMPA_1464,1
GRAMPA_1466,1
GRAMPA_1467,1
GRAMPA_1472,1
GRAMPA_1476,1
GRAMPA_1482,1
GRAMPA_1487,1
GRAMPA_1495,1
GRAMPA_1503,1
GRAMPA_1517,1
GRAMPA_1521,1
GRAMPA_1527,1
GRAMPA_1530,1
GRAMPA_1531,1
GRAMPA_1533,1
GRAMPA_1536,1
GRAMPA_1537,1
GRAMPA_1547,1
GRAMPA_1551,1
GRAMPA_1555,1
GRAMPA_1557,1
GRAMPA_1562,1
GRAMPA_1563,1
GRAMPA_1572,1
GRAMPA_1573,1
GRAMPA_1574,1
GRAMPA_1578,1
GRAMPA_1581,1
GRAMPA_1585,1
GRAMPA_1586,1
GRAMPA_1588,1
GRAMPA_1593,1
GRAMPA_1601,1
GRAMPA_1603,1
GRAMPA_1610,1
GRAMPA_1614,1
GRAMPA_1630,1
GRAMPA_1632,1
GRAMPA_1633,1
GRAMPA_1634,1
GRAMPA_1647,1
GRAMPA_1652,1
GRAMPA_1654,1
GRAMPA_1667,1
GRAMPA_1668,1
GRAMPA_1679,1
GRAMPA_1682,1
GRAMPA_1683,1
GRAMPA_1686,1
GRAMPA_1694,1
GRAMPA_1698,1
GRAMPA_1699,1
GRAMPA_1723,1
GRAMPA_1726,1
GRAMPA_1730,1
GRAMPA_1747,1
GRAMPA_1750,1
GRAMPA_1753,1
GRAMPA_1756,1
GRAMPA_1757,1
GRAMPA_1758,1
GRAMPA_1759,1
GRAMPA_1768,1
GRAMPA_1772,1
GRAMPA_1774,1
GRAMPA_1781,1
GRAMPA_1782,1
GRAMPA_1785,1
GRAMPA_1792,1
GRAMPA_1799,1
GRAMPA_1800,1
GRAMPA_1801,1
GRAMPA_1803,1
GRAMPA_1806,1
GRAMPA_1807,1
GRAMPA_1809,1
GRAMPA_1818,1
GRAMPA_1835,1
GRAMPA_1843,1
GRAMPA_1852,1
GRAMPA_1867,1
GRAMPA_1871,1
GRAMPA_1875,1
GRAMPA_1889,1
GRAMPA_1892,1
GRAMPA_1894,1
GRAMPA_1896,1
GRAMPA_1904,1
GRAMPA_1905,1
GRAMPA_1907,1
GRAMPA_1916,1
GRAMPA_1919,1
GRAMPA_1922,1
GRAMPA_1924,1
GRAMPA_1925,1
GRAMPA_1928,1
GRAMPA_1936,1
GRAMPA_1943,1
GRAMPA_1952,1
GRAMPA_1955,1
GRAMPA_1958,1
GRAMPA_1959,1
GRAMPA_1968,1
GRAMPA_1973,1
GRAMPA_1977,1
GRAMPA_1979,1
GRAMPA_1984,1
GRAMPA_1986,1
GRAMPA_1987,1
GRAMPA_1993,1
GRAMPA_2001,1
GRAMPA_2009,1
GRAMPA_2011,1
GRAMPA_2018,1
GRAMPA_2019,1
GRAMPA_2020,1
GRAMPA_2021,1
GRAMPA_2024,1
GRAMPA_2036,1
GRAMPA_2039,1
GRAMPA_2041,1
GRAMPA_2045,1
GRAMPA_2047,1
GRAMPA_2049,1
GRAMPA_2051,1
GRAMPA_2052,1
GRAMPA_2055,1
GRAMPA_2059,1
GRAMPA_2077,1
GRAMPA_2093,1
GRAMPA_2095,1
GRAMPA_2098,1
GRAMPA_2099,1
GRAMPA_2105,1
GRAMPA_2107,1
GRAMPA_2111,1
GRAMPA_2112,1
GRAMPA_2116,1
GRAMPA_2119,1
GRAMPA_2126,1
GRAMPA_2134,1
GRAMPA_2141,1
GRAMPA_2142,1
GRAMPA_2150,1
GRAMPA_2154,1
GRAMPA_2160,1
GRAMPA_2164,1
GRAMPA_2166,1
GRAMPA_2168,1
GRAMPA_2180,1
GRAMPA_2183,1
GRAMPA_2185,1
GRAMPA_2191,1
GRAMPA_2195,1
GRAMPA_2196,1
GRAMPA_2204,1
GRAMPA_2207,1
GRAMPA_2212,1
GRAMPA_2223,1
GRAMPA_2224,1
GRAMPA_2225,1
GRAMPA_2228,1
GRAMPA_2229,1
GRAMPA_2230,1
GRAMPA_2236,1
GRAMPA_2237,1
GRAMPA_2238,1
GRAMPA_2245,1
GRAMPA_2256,1
GRAMPA_2264,1
GRAMPA_2266,1
GRAMPA_2267,1
GRAMPA_2269,1
GRAMPA_2274,1
GRAMPA_2275,1
GRAMPA_2280,1
GRAMPA_2284,1
GRAMPA_2295,1
GRAMPA_2298,1
GRAMPA_2299,1
GRAMPA_2311,1
GRAMPA_2312,1
GRAMPA_2318,1
GRAMPA_2319,1
GRAMPA_2322,1
GRAMPA_2332,1
GRAMPA_2354,1
GRAMPA_2355,1
GRAMPA_2367,1
GRAMPA_2368,1
GRAMPA_2377,1
GRAMPA_2390,1
GRAMPA_2393,1
GRAMPA_2403,1
GRAMPA_2404,1
GRAMPA_2407,1
GRAMPA_2411,1
GRAMPA_2415,1
GRAMPA_2423,1
GRAMPA_2436,1
GRAMPA_2445,1
GRAMPA_2450,1
GRAMPA_2461,1
GRAMPA_2465,1
GRAMPA_2468,1
GRAMPA_2480,1
GRAMPA_2485,1
GRAMPA_2490,1
GRAMPA_2492,1
GRAMPA_2495,1
GRAMPA_2505,1
GRAMPA_2506,1
GRAMPA_2517,1
GRAMPA_2527,1
GRAMPA_2532,1
GRAMPA_2535,1
GRAMPA_2536,1
GRAMPA_2537,1
GRAMPA_2538,1
GRAMPA_2545,1
GRAMPA_2547,1
GRAMPA_2552,1
GRAMPA_2560,1
GRAMPA_2561,1
GRAMPA_2562,1
GRAMPA_2563,1
GRAMPA_2566,1
GRAMPA_2567,1
GRAMPA_2569,1
GRAMPA_2583,1
GRAMPA_2586,1
GRAMPA_2595,1
GRAMPA_2609,1
GRAMPA_2616,1
GRAMPA_2622,1
GRAMPA_2626,1
GRAMPA_2634,1
GRAMPA_2635,1
GRAMPA_2639,1
GRAMPA_2641,1
GRAMPA_2651,1
GRAMPA_2656,1
GRAMPA_2677,1
GRAMPA_2681,1
GRAMPA_2684,1
GRAMPA_2692,1
GRAMPA_2696,1
GRAMPA_2704,1
GRAMPA_2705,1
GRAMPA_2711,1
GRAMPA_2716,1
GRAMPA_2718,1
GRAMPA_2729,1
GRAMPA_2733,1
GRAMPA_2734,1
GRAMPA_2738,1
GRAMPA_2743,1
GRAMPA_2754,1
GRAMPA_2764,1
GRAMPA_2769,1
GRAMPA_2775,1
GRAMPA_2780,1
GRAMPA_2781,1
GRAMPA_2783,1
GRAMPA_2784,1
GRAMPA_2787,1
GRAMPA_2790,1
GRAMPA_2795,1
GRAMPA_2798,1
GRAMPA_2818,1
GRAMPA_2829,1
GRAMPA_2834,1
GRAMPA_2839,1
GRAMPA_2842,1
GRAMPA_2843,1
GRAMPA_2863,1
GRAMPA_2864,1
GRAMPA_2872,1
GRAMPA_2879,1
GRAMPA_2884,1
GRAMPA_2897,1
GRAMPA_2898,1
GRAMPA_2906,1
GRAMPA_2909,1
GRAMPA_2922,1
GRAMPA_2936,1
GRAMPA_2946,1
GRAMPA_2968,1
GRAMPA_2972,1
GRAMPA_2973,1
GRAMPA_2974,1
GRAMPA_2978,1
GRAMPA_2991,1
GRAMPA_3001,1
GRAMPA_3002,1
GRAMPA_3003,1
GRAMPA_3012,1
GRAMPA_3020,1
GRAMPA_3026,1
GRAMPA_3028,1
GRAMPA_3035,1
GRAMPA_3048,1
GRAMPA_3051,1
GRAMPA_3054,1
GRAMPA_3061,1
GRAMPA_3066,1
GRAMPA_3095,1
GRAMPA_3102,1
GRAMPA_3103,1
GRAMPA_3109,1
GRAMPA_3125,1
GRAMPA_3135,1
GRAMPA_3158,1
GRAMPA_3169,1
GRAMPA_3171,1
GRAMPA_3172,1
GRAMPA_3176,1
GRAMPA_3181,1
GRAMPA_3195,1
GRAMPA_3200,1
GRAMPA_3210,1
GRAMPA_3222,1
GRAMPA_3232,1
GRAMPA_3233,1
GRAMPA_3235,1
GRAMPA_3236,1
GRAMPA_3237,1
GRAMPA_3242,1
GRAMPA_3246,1
GRAMPA_3253,1
GRAMPA_3258,1
GRAMPA_3265,1
GRAMPA_3272,1
GRAMPA_3276,1
GRAMPA_3284,1
GRAMPA_3298,1
GRAMPA_3301,1
GRAMPA_3306,1
GRAMPA_3308,1
GRAMPA_3315,1
GRAMPA_3324,1
GRAMPA_3327,1
GRAMPA_3331,1
GRAMPA_3334,1
GRAMPA_3363,1
GRAMPA_3364,1
GRAMPA_3376,1
GRAMPA_3393,1
GRAMPA_3395,1
GRAMPA_3400,1
GRAMPA_3402,1
GRAMPA_3403,1
GRAMPA_3408,1
GRAMPA_3424,1
GRAMPA_3432,1
GRAMPA_3439,1
GRAMPA_3447,1
GRAMPA_3448,1
GRAMPA_3460,1
GRAMPA_3465,1
GRAMPA_3469,1
GRAMPA_3478,1
GRAMPA_3480,1
GRAMPA_3481,1
GRAMPA_3484,1
GRAMPA_3488,1
GRAMPA_3489,1
GRAMPA_3492,1
GRAMPA_3504,1
GRAMPA_3513,1
GRAMPA_3514,1
GRAMPA_3518,1
GRAMPA_3519,1
GRAMPA_3532,1
GRAMPA_3534,1
GRAMPA_3546,1
GRAMPA_3548,1
GRAMPA_3552,1
GRAMPA_3557,1
GRAMPA_3558,1
GRAMPA_3570,1
GRAMPA_3573,1
GRAMPA_3584,1
GRAMPA_3588,1
GRAMPA_3593,1
GRAMPA_3599,1
GRAMPA_3600,1
GRAMPA_3602,1
GRAMPA_3619,1
GRAMPA_3630,1
GRAMPA_3646,1
GRAMPA_3653,1
GRAMPA_3675,1
GRAMPA_3682,1
GRAMPA_3688,1
GRAMPA_3711,1
GRAMPA_3714,1
GRAMPA_3719,1
GRAMPA_3736,1
GRAMPA_3739,1
GRAMPA_3744,1
GRAMPA_3759,1
GRAMPA_3762,1
GRAMPA_3764,1
GRAMPA_3771,1
GRAMPA_3796,1
GRAMPA_3801,1
GRAMPA_3803,1
GRAMPA_3804,1
GRAMPA_3809,1
GRAMPA_3812,1
GRAMPA_3819,1
GRAMPA_3821,1
GRAMPA_3833,1
GRAMPA_3854,1
GRAMPA_3858,1
GRAMPA_3883,1
GRAMPA_3895,1
GRAMPA_3914,1
GRAMPA_3917,1
GRAMPA_3919,1
GRAMPA_3924,1
GRAMPA_3926,1
GRAMPA_3931,1
GRAMPA_3938,1
GRAMPA_3939,1
GRAMPA_3946,1
GRAMPA_3964,1
GRAMPA_3966,1
GRAMPA_3967,1
GRAMPA_3969,1
GRAMPA_3971,1
GRAMPA_3979,1
GRAMPA_3980,1
GRAMPA_3985,1
GRAMPA_4004,1
GRAMPA_4008,1
GRAMPA_4017,1
GRAMPA_4025,1
GRAMPA_4028,1
GRAMPA_4037,1
GRAMPA_4042,1
GRAMPA_4053,1
GRAMPA_4065,1
GRAMPA_4070,1
GRAMPA_4075,1
GRAMPA_4086,1
GRAMPA_4094,1
GRAMPA_4099,1
GRAMPA_4106,1
GRAMPA_4109,1
GRAMPA_4111,1
GRAMPA_4136,1
GRAMPA_4138,1
GRAMPA_4150,1
GRAMPA_4159,1
GRAMPA_4162,1
GRAMPA_4163,1
GRAMPA_4176,1
GRAMPA_4186,1
GRAMPA_4189,1
GRAMPA_4222,1
GRAMPA_4226,1
GRAMPA_4236,1
GRAMPA_4238,1
GRAMPA_4242,1
GRAMPA_4261,1
GRAMPA_4272,1
GRAMPA_4286,1
GRAMPA_4287,1
GRAMPA_4290,1
GRAMPA_4293,1
GRAMPA_4299,1
GRAMPA_4309,1
GRAMPA_4312,1
GRAMPA_4317,1
GRAMPA_4326,1
GRAMPA_4336,1
GRAMPA_4338,1
GRAMPA_4346,1
GRAMPA_4350,1
GRAMPA_4367,1
GRAMPA_4369,1
GRAMPA_4371,1
GRAMPA_4388,1
GRAMPA_4393,1
GRAMPA_4398,1
GRAMPA_4408,1
GRAMPA_4414,1
GRAMPA_4416,1
GRAMPA_4440,1
GRAMPA_4441,1
GRAMPA_4452,1
GRAMPA_4453,1
GRAMPA_4455,1
GRAMPA_4457,1
GRAMPA_4458,1
GRAMPA_4471,1
GRAMPA_4474,1
GRAMPA_4480,1
GRAMPA_4482,1
GRAMPA_4488,1
GRAMPA_4513,1
GRAMPA_4520,1
GRAMPA_4525,1
GRAMPA_4526,1
GRAMPA_4550,1
GRAMPA_4576,1
GRAMPA_4577,1
GRAMPA_4583,1
GRAMPA_4585,1
GRAMPA_4587,1
GRAMPA_4590,1
GRAMPA_4599,1
GRAMPA_4612,1
GRAMPA_4614,1
GRAMPA_4632,1
GRAMPA_4634,1
GRAMPA_4660,1
GRAMPA_4669,1
GRAMPA_4673,1
GRAMPA_4680,1
GRAMPA_4683,1
GRAMPA_4685,1
GRAMPA_4687,1
GRAMPA_4690,1
GRAMPA_4697,1
GRAMPA_4716,1
GRAMPA_4717,1
GRAMPA_4720,1
GRAMPA_4737,1
GRAMPA_4740,1
GRAMPA_4749,1
GRAMPA_4766,1
GRAMPA_4770,1
GRAMPA_4779,1
GRAMPA_4782,1
GRAMPA_4784,1
GRAMPA_4786,1
GRAMPA_4820,1
GRAMPA_4834,1
GRAMPA_4848,1
GRAMPA_4850,1
GRAMPA_4859,1
GRAMPA_4880,1
GRAMPA_4887,1
GRAMPA_4888,1
GRAMPA_4897,1
GRAMPA_4908,1
GRAMPA_4924,1
GRAMPA_4925,1
GRAMPA_4929,1
GRAMPA_4938,1
GRAMPA_4945,1
GRAMPA_4946,1
GRAMPA_4949,1
GRAMPA_4951,1
GRAMPA_4954,1
GRAMPA_4955,1
GRAMPA_4990,1
GRAMPA_4992,1
GRAMPA_4993,1
GRAMPA_5016,1
GRAMPA_5027,1
GRAMPA_5033,1
GRAMPA_5036,1
GRAMPA_5037,1
GRAMPA_5038,1
GRAMPA_5044,1
GRAMPA_5055,1
GRAMPA_5057,1
GRAMPA_5067,1
GRAMPA_5077,1
GRAMPA_5084,1
GRAMPA_5100,1
GRAMPA_5106,1
GRAMPA_5110,1
GRAMPA_5113,1
GRAMPA_5122,1
GRAMPA_5126,1
GRAMPA_5131,1
GRAMPA_5140,1
GRAMPA_5142,1
GRAMPA_5154,1
GRAMPA_5167,1
GRAMPA_5169,1
GRAMPA_5191,1
GRAMPA_5197,1
GRAMPA_5201,1
GRAMPA_5207,1
GRAMPA_5210,1
GRAMPA_5213,1
GRAMPA_5222,1
GRAMPA_5223,1
GRAMPA_5224,1
GRAMPA_5234,1
GRAMPA_5237,1
GRAMPA_5243,1
GRAMPA_5249,1
GRAMPA_5253,1
GRAMPA_5254,1
GRAMPA_5259,1
GRAMPA_5262,1
GRAMPA_5265,1
GRAMPA_5268,1
GRAMPA_5270,1
GRAMPA_5271,1
GRAMPA_5275,1
GRAMPA_5280,1
GRAMPA_5281,1
GRAMPA_5288,1
GRAMPA_5289,1
GRAMPA_5294,1
GRAMPA_5311,1
GRAMPA_5314,1
GRAMPA_5317,1
GRAMPA_5352,1
GRAMPA_5354,1
GRAMPA_5356,1
GRAMPA_5361,1
GRAMPA_5371,1
GRAMPA_5378,1
GRAMPA_5388,1
GRAMPA_5391,1
GRAMPA_5396,1
GRAMPA_5411,1
GRAMPA_5414,1
GRAMPA_5420,1
GRAMPA_5435,1
GRAMPA_5437,1
GRAMPA_5438,1
GRAMPA_5441,1
GRAMPA_5442,1
GRAMPA_5444,1
GRAMPA_5465,1
GRAMPA_5490,1
GRAMPA_5491,1
GRAMPA_5496,1
GRAMPA_5507,1
GRAMPA_5515,1
GRAMPA_5530,1
GRAMPA_5534,1
GRAMPA_5540,1
GRAMPA_5562,1
GRAMPA_5569,1
GRAMPA_5570,1
GRAMPA_5572,1
GRAMPA_5599,1
GRAMPA_5601,1
GRAMPA_5605,1
GRAMPA_5619,1
GRAMPA_5621,1
GRAMPA_5622,1
GRAMPA_5632,1
GRAMPA_5647,1
GRAMPA_5648,1
GRAMPA_5651,1
GRAMPA_5652,1
GRAMPA_5653,1
GRAMPA_5657,1
GRAMPA_5672,1
GRAMPA_5687,1
GRAMPA_5691,1
GRAMPA_5700,1
GRAMPA_5704,1
GRAMPA_5706,1
GRAMPA_5713,1
GRAMPA_5720,1
GRAMPA_5734,1
GRAMPA_5744,1
GRAMPA_5746,1
GRAMPA_5748,1
GRAMPA_5757,1
GRAMPA_5760,1
GRAMPA_5761,1
GRAMPA_5770,1
GRAMPA_5773,1
GRAMPA_5783,1
GRAMPA_5788,1
GRAMPA_5791,1
GRAMPA_5795,1
GRAMPA_5799,1
GRAMPA_5800,1
GRAMPA_5803,1
GRAMPA_5805,1
GRAMPA_5808,1
GRAMPA_5817,1
GRAMPA_5830,1
GRAMPA_5832,1
GRAMPA_5836,1
GRAMPA_5839,1
GRAMPA_5844,1
GRAMPA_5845,1
GRAMPA_5849,1
GRAMPA_5859,1
GRAMPA_5863,1
GRAMPA_5864,1
GRAMPA_5876,1
GRAMPA_5880,1
GRAMPA_5890,1
GRAMPA_5892,1
GRAMPA_5899,1
GRAMPA_5907,1
GRAMPA_5912,1
GRAMPA_5913,1
GRAMPA_5916,1
GRAMPA_5918,1
GRAMPA_5930,1
GRAMPA_5933,1
GRAMPA_5937,1
GRAMPA_5940,1
GRAMPA_5941,1
GRAMPA_5943,1
GRAMPA_5946,1
GRAMPA_5948,1
GRAMPA_5966,1
GRAMPA_5968,1
GRAMPA_5974,1
GRAMPA_5977,1
GRAMPA_11,6
GRAMPA_20,6
GRAMPA_23,6
GRAMPA_24,6
GRAMPA_34,6
GRAMPA_43,6
GRAMPA_44,6
GRAMPA_52,6
GRAMPA_61,6
GRAMPA_64,6
GRAMPA_74,6
GRAMPA_75,6
GRAMPA_90,6
GRAMPA_104,6
GRAMPA_107,6
GRAMPA_116,6
GRAMPA_124,6
GRAMPA_127,6
GRAMPA_141,6
GRAMPA_167,6
GRAMPA_173,6
GRAMPA_200,6
GRAMPA_201,6
GRAMPA_210,6
GRAMPA_213,6
GRAMPA_222,6
GRAMPA_230,6
GRAMPA_236,6
GRAMPA_247,6
GRAMPA_253,6
GRAMPA_320,6
GRAMPA_344,6
GRAMPA_417,6
GRAMPA_419,6
GRAMPA_427,6
GRAMPA_459,6
GRAMPA_465,6
GRAMPA_468,6
GRAMPA_512,6
GRAMPA_545,6
GRAMPA_549,6
GRAMPA_561,6
GRAMPA_565,6
GRAMPA_615,6
GRAMPA_621,6
GRAMPA_627,6
GRAMPA_651,6
GRAMPA_654,6
GRAMPA_659,6
GRAMPA_711,6
GRAMPA_717,6
GRAMPA_729,6
GRAMPA_738,6
GRAMPA_745,6
GRAMPA_749,6
GRAMPA_756,6
GRAMPA_768,6
GRAMPA_792,6
GRAMPA_877,6
GRAMPA_931,6
GRAMPA_946,6
GRAMPA_981,6
GRAMPA_1010,6
GRAMPA_1042,6
GRAMPA_1054,6
GRAMPA_1092,6
GRAMPA_1098,6
GRAMPA_1115,6
GRAMPA_1126,6
GRAMPA_1141,6
GRAMPA_1142,6
GRAMPA_1168,6
GRAMPA_1182,6
GRAMPA_1231,6
GRAMPA_1253,6
GRAMPA_1269,6
GRAMPA_1295,6
GRAMPA_1314,6
GRAMPA_1315,6
GRAMPA_1349,6
GRAMPA_1350,6
GRAMPA_1351,6
GRAMPA_1356,6
GRAMPA_1395,6
GRAMPA_1417,6
GRAMPA_1424,6
GRAMPA_1448,6
GRAMPA_1501,6
GRAMPA_1505,6
GRAMPA_1514,6
GRAMPA_1526,6
GRAMPA_1535,6
GRAMPA_1605,6
GRAMPA_1661,6
GRAMPA_1727,6
GRAMPA_1763,6
GRAMPA_1824,6
GRAMPA_1855,6
GRAMPA_1873,6
GRAMPA_1910,6
GRAMPA_1954,6
GRAMPA_2031,6
GRAMPA_2061,6
GRAMPA_2113,6
GRAMPA_2122,6
GRAMPA_2157,6
GRAMPA_2162,6
GRAMPA_2253,6
GRAMPA_2257,6
GRAMPA_2302,6
GRAMPA_2320,6
GRAMPA_2334,6
GRAMPA_2396,6
GRAMPA_2472,6
GRAMPA_2476,6
GRAMPA_2482,6
GRAMPA_2487,6
GRAMPA_2618,6
GRAMPA_2647,6
GRAMPA_2719,6
GRAMPA_2748,6
GRAMPA_2768,6
GRAMPA_2770,6
GRAMPA_2819,6
GRAMPA_2850,6
GRAMPA_2852,6
GRAMPA_2859,6
GRAMPA_2893,6
GRAMPA_2905,6
GRAMPA_2935,6
GRAMPA_2947,6
GRAMPA_2961,6
GRAMPA_3016,6
GRAMPA_3031,6
GRAMPA_3065,6
GRAMPA_3076,6
GRAMPA_3091,6
GRAMPA_3098,6
GRAMPA_3104,6
GRAMPA_3106,6
GRAMPA_3119,6
GRAMPA_3134,6
GRAMPA_3144,6
GRAMPA_3154,6
GRAMPA_3209,6
GRAMPA_3223,6
GRAMPA_3225,6
GRAMPA_3287,6
GRAMPA_3360,6
GRAMPA_3373,6
GRAMPA_3392,6
GRAMPA_3409,6
GRAMPA_3454,6
GRAMPA_3457,6
GRAMPA_3494,6
GRAMPA_3510,6
GRAMPA_3528,6
GRAMPA_3531,6
GRAMPA_3568,6
GRAMPA_3660,6
GRAMPA_3732,6
GRAMPA_3754,6
GRAMPA_3772,6
GRAMPA_3786,6
GRAMPA_3810,6
GRAMPA_3869,6
GRAMPA_3902,6
GRAMPA_3913,6
GRAMPA_4015,6
GRAMPA_4020,6
GRAMPA_4022,6
GRAMPA_4049,6
GRAMPA_4113,6
GRAMPA_4124,6
GRAMPA_4129,6
GRAMPA_4147,6
GRAMPA_4181,6
GRAMPA_4214,6
GRAMPA_4228,6
GRAMPA_4294,6
GRAMPA_4348,6
GRAMPA_4360,6
GRAMPA_4382,6
GRAMPA_4405,6
GRAMPA_4412,6
GRAMPA_4424,6
GRAMPA_4444,6
GRAMPA_4449,6
GRAMPA_4487,6
GRAMPA_4497,6
GRAMPA_4725,6
GRAMPA_4752,6
GRAMPA_4754,6
GRAMPA_4759,6
GRAMPA_4777,6
GRAMPA_4832,6
GRAMPA_4863,6
GRAMPA_4911,6
GRAMPA_4913,6
GRAMPA_4933,6
GRAMPA_4997,6
GRAMPA_5005,6
GRAMPA_5017,6
GRAMPA_5019,6
GRAMPA_5068,6
GRAMPA_5075,6
GRAMPA_5137,6
GRAMPA_5200,6
GRAMPA_5276,6
GRAMPA_5284,6
GRAMPA_5298,6
GRAMPA_5337,6
GRAMPA_5345,6
GRAMPA_5370,6
GRAMPA_5418,6
GRAMPA_5430,6
GRAMPA_5436,6
GRAMPA_5448,6
GRAMPA_5457,6
GRAMPA_5483,6
GRAMPA_5489,6
GRAMPA_5513,6
GRAMPA_5518,6
GRAMPA_5533,6
GRAMPA_5542,6
GRAMPA_5545,6
GRAMPA_5547,6
GRAMPA_5551,6
GRAMPA_5591,6
GRAMPA_5594,6
GRAMPA_5603,6
GRAMPA_5610,6
GRAMPA_5666,6
GRAMPA_5680,6
GRAMPA_5712,6
GRAMPA_5739,6
GRAMPA_5750,6
GRAMPA_5758,6
GRAMPA_5816,6
GRAMPA_5874,6
GRAMPA_5877,6
GRAMPA_5901,6
GRAMPA_5962,6
GRAMPA_5964,6
GRAMPA_2,5
GRAMPA_17,5
GRAMPA_21,5
GRAMPA_30,5
GRAMPA_35,5
GRAMPA_37,5
GRAMPA_56,5
GRAMPA_57,5
GRAMPA_69,5
GRAMPA_115,5
GRAMPA_120,5
GRAMPA_123,5
GRAMPA_147,5
GRAMPA_161,5
GRAMPA_170,5
GRAMPA_189,5
GRAMPA_190,5
GRAMPA_203,5
GRAMPA_204,5
GRAMPA_219,5
GRAMPA_225,5
GRAMPA_246,5
GRAMPA_262,5
GRAMPA_270,5
GRAMPA_297,5
GRAMPA_331,5
GRAMPA_334,5
GRAMPA_342,5
GRAMPA_348,5
GRAMPA_391,5
GRAMPA_395,5
GRAMPA_401,5
GRAMPA_403,5
GRAMPA_412,5
GRAMPA_423,5
GRAMPA_432,5
GRAMPA_444,5
GRAMPA_451,5
GRAMPA_472,5
GRAMPA_480,5
GRAMPA_483,5
GRAMPA_496,5
GRAMPA_513,5
GRAMPA_534,5
GRAMPA_541,5
GRAMPA_542,5
GRAMPA_544,5
GRAMPA_548,5
GRAMPA_553,5
GRAMPA_560,5
GRAMPA_572,5
GRAMPA_575,5
GRAMPA_576,5
GRAMPA_656,5
GRAMPA_671,5
GRAMPA_713,5
GRAMPA_732,5
GRAMPA_755,5
GRAMPA_791,5
GRAMPA_805,5
GRAMPA_866,5
GRAMPA_914,5
GRAMPA_996,5
GRAMPA_1024,5
GRAMPA_1034,5
GRAMPA_1043,5
GRAMPA_1052,5
GRAMPA_1075,5
GRAMPA_1131,5
GRAMPA_1132,5
GRAMPA_1144,5
GRAMPA_1208,5
GRAMPA_1293,5
GRAMPA_1297,5
GRAMPA_1303,5
GRAMPA_1317,5
GRAMPA_1340,5
GRAMPA_1343,5
GRAMPA_1357,5
GRAMPA_1364,5
GRAMPA_1370,5
GRAMPA_1422,5
GRAMPA_1432,5
GRAMPA_1433,5
GRAMPA_1445,5
GRAMPA_1454,5
GRAMPA_1483,5
GRAMPA_1488,5
GRAMPA_1493,5
GRAMPA_1494,5
GRAMPA_1499,5
GRAMPA_1506,5
GRAMPA_1508,5
GRAMPA_1510,5
GRAMPA_1519,5
GRAMPA_1522,5
GRAMPA_1524,5
GRAMPA_1532,5
GRAMPA_1564,5
GRAMPA_1595,5
GRAMPA_1616,5
GRAMPA_1656,5
GRAMPA_1663,5
GRAMPA_1846,5
GRAMPA_1848,5
GRAMPA_1857,5
GRAMPA_1937,5
GRAMPA_1948,5
GRAMPA_2000,5
GRAMPA_2012,5
GRAMPA_2050,5
GRAMPA_2066,5
GRAMPA_2083,5
GRAMPA_2151,5
GRAMPA_2152,5
GRAMPA_2182,5
GRAMPA_2197,5
GRAMPA_2199,5
GRAMPA_2273,5
GRAMPA_2300,5
GRAMPA_2339,5
GRAMPA_2340,5
GRAMPA_2358,5
GRAMPA_2385,5
GRAMPA_2389,5
GRAMPA_2433,5
GRAMPA_2446,5
GRAMPA_2493,5
GRAMPA_2513,5
GRAMPA_2542,5
GRAMPA_2571,5
GRAMPA_2594,5
GRAMPA_2629,5
GRAMPA_2643,5
GRAMPA_2659,5
GRAMPA_2666,5
GRAMPA_2728,5
GRAMPA_2808,5
GRAMPA_2823,5
GRAMPA_2849,5
GRAMPA_2869,5
GRAMPA_2873,5
GRAMPA_2892,5
GRAMPA_2913,5
GRAMPA_2938,5
GRAMPA_2949,5
GRAMPA_2954,5
GRAMPA_2988,5
GRAMPA_3053,5
GRAMPA_3057,5
GRAMPA_3083,5
GRAMPA_3126,5
GRAMPA_3128,5
GRAMPA_3129,5
GRAMPA_3140,5
GRAMPA_3147,5
GRAMPA_3212,5
GRAMPA_3229,5
GRAMPA_3256,5
GRAMPA_3300,5
GRAMPA_3357,5
GRAMPA_3383,5
GRAMPA_3420,5
GRAMPA_3435,5
GRAMPA_3441,5
GRAMPA_3467,5
GRAMPA_3501,5
GRAMPA_3512,5
GRAMPA_3515,5
GRAMPA_3610,5
GRAMPA_3627,5
GRAMPA_3662,5
GRAMPA_3668,5
GRAMPA_3678,5
GRAMPA_3785,5
GRAMPA_3816,5
GRAMPA_3855,5
GRAMPA_3856,5
GRAMPA_3905,5
GRAMPA_3925,5
GRAMPA_3972,5
GRAMPA_3983,5
GRAMPA_3994,5
GRAMPA_4003,5
GRAMPA_4016,5
GRAMPA_4045,5
GRAMPA_4051,5
GRAMPA_4117,5
GRAMPA_4127,5
GRAMPA_4219,5
GRAMPA_4251,5
GRAMPA_4257,5
GRAMPA_4328,5
GRAMPA_4373,5
GRAMPA_4374,5
GRAMPA_4404,5
GRAMPA_4432,5
GRAMPA_4478,5
GRAMPA_4494,5
GRAMPA_4512,5
GRAMPA_4544,5
GRAMPA_4586,5
GRAMPA_4589,5
GRAMPA_4615,5
GRAMPA_4721,5
GRAMPA_4767,5
GRAMPA_4787,5
GRAMPA_4812,5
GRAMPA_4817,5
GRAMPA_4818,5
GRAMPA_4852,5
GRAMPA_4877,5
GRAMPA_4895,5
GRAMPA_4906,5
GRAMPA_4918,5
GRAMPA_4944,5
GRAMPA_5046,5
GRAMPA_5050,5
GRAMPA_5162,5
GRAMPA_5231,5
GRAMPA_5244,5
GRAMPA_5246,5
GRAMPA_5255,5
GRAMPA_5264,5
GRAMPA_5272,5
GRAMPA_5282,5
GRAMPA_5291,5
GRAMPA_5374,5
GRAMPA_5395,5
GRAMPA_5433,5
GRAMPA_5488,5
GRAMPA_5525,5
GRAMPA_5592,5
GRAMPA_5600,5
GRAMPA_5606,5
GRAMPA_5607,5
GRAMPA_5649,5
GRAMPA_5655,5
GRAMPA_5663,5
GRAMPA_5674,5
GRAMPA_5676,5
GRAMPA_5678,5
GRAMPA_5682,5
GRAMPA_5689,5
GRAMPA_5702,5
GRAMPA_5715,5
GRAMPA_5721,5
GRAMPA_5751,5
GRAMPA_5779,5
GRAMPA_5789,5
GRAMPA_5798,5
GRAMPA_5818,5
GRAMPA_5819,5
GRAMPA_5840,5
GRAMPA_5846,5
GRAMPA_5860,5
GRAMPA_5878,5
GRAMPA_5921,5
GRAMPA_5923,5
GRAMPA_5926,5
GRAMPA_5976,5
GRAMPA_1,7
GRAMPA_3,7
GRAMPA_54,7
GRAMPA_76,7
GRAMPA_78,7
GRAMPA_137,7
GRAMPA_215,7
GRAMPA_265,7
GRAMPA_306,7
GRAMPA_323,7
GRAMPA_383,7
GRAMPA_409,7
GRAMPA_463,7
GRAMPA_471,7
GRAMPA_476,7
GRAMPA_507,7
GRAMPA_522,7
GRAMPA_532,7
GRAMPA_533,7
GRAMPA_546,7
GRAMPA_645,7
GRAMPA_684,7
GRAMPA_705,7
GRAMPA_824,7
GRAMPA_892,7
GRAMPA_941,7
GRAMPA_956,7
GRAMPA_972,7
GRAMPA_1065,7
GRAMPA_1174,7
GRAMPA_1225,7
GRAMPA_1329,7
GRAMPA_1380,7
GRAMPA_1567,7
GRAMPA_1657,7
GRAMPA_1717,7
GRAMPA_1745,7
GRAMPA_1761,7
GRAMPA_1838,7
GRAMPA_1912,7
GRAMPA_1931,7
GRAMPA_2069,7
GRAMPA_2129,7
GRAMPA_2202,7
GRAMPA_2289,7
GRAMPA_2500,7
GRAMPA_2548,7
GRAMPA_3006,7
GRAMPA_3149,7
GRAMPA_3184,7
GRAMPA_3187,7
GRAMPA_3192,7
GRAMPA_3211,7
GRAMPA_3309,7
GRAMPA_3423,7
GRAMPA_3428,7
GRAMPA_3429,7
GRAMPA_3525,7
GRAMPA_3847,7
GRAMPA_4006,7
GRAMPA_4097,7
GRAMPA_4155,7
GRAMPA_4171,7
GRAMPA_4419,7
GRAMPA_4575,7
GRAMPA_4658,7
GRAMPA_4659,7
GRAMPA_4982,7
GRAMPA_5125,7
GRAMPA_5134,7
GRAMPA_5226,7
GRAMPA_5235,7
GRAMPA_5236,7
GRAMPA_5239,7
GRAMPA_5384,7
GRAMPA_5668,7
GRAMPA_5698,7
GRAMPA_5719,7
GRAMPA_5780,7
GRAMPA_5884,7
GRAMPA_5906,7
GRAMPA_5928,7
GRAMPA_5952,7