id,Obs_class,Pred_class,Prob_class,Model,fold
GRAMPA_4,AMP,AMP,0.844,PepNet,1
GRAMPA_5,AMP,AMP,0.998,PepNet,1
GRAMPA_6,AMP,AMP,1,PepNet,1
GRAMPA_9,AMP,AMP,0.994,PepNet,1
GRAMPA_10,AMP,AMP,0.999,PepNet,1
GRAMPA_14,AMP,AMP,0.999,PepNet,1
GRAMPA_16,AMP,AMP,0.998,PepNet,1
GRAMPA_19,AMP,AMP,0.998,PepNet,1
GRAMPA_22,AMP,AMP,1,PepNet,1
GRAMPA_25,AMP,AMP,1,PepNet,1
GRAMPA_26,AMP,AMP,0.929,PepNet,1
GRAMPA_27,AMP,AMP,0.994,PepNet,1
GRAMPA_29,AMP,AMP,1,PepNet,1
GRAMPA_31,AMP,AMP,0.945,PepNet,1
GRAMPA_33,AMP,AMP,1,PepNet,1
GRAMPA_36,AMP,AMP,1,PepNet,1
GRAMPA_38,AMP,AMP,1,PepNet,1
GRAMPA_39,AMP,AMP,0.986,PepNet,1
GRAMPA_40,AMP,AMP,0.922,PepNet,1
GRAMPA_41,AMP,AMP,0.999,PepNet,1
GRAMPA_42,AMP,AMP,0.983,PepNet,1
GRAMPA_47,AMP,AMP,1,PepNet,1
GRAMPA_48,AMP,AMP,0.998,PepNet,1
GRAMPA_49,AMP,AMP,0.979,PepNet,1
GRAMPA_50,AMP,AMP,0.999,PepNet,1
GRAMPA_53,AMP,AMP,1,PepNet,1
GRAMPA_60,AMP,AMP,0.983,PepNet,1
GRAMPA_65,AMP,AMP,0.998,PepNet,1
GRAMPA_67,AMP,AMP,0.999,PepNet,1
GRAMPA_68,AMP,AMP,1,PepNet,1
GRAMPA_70,AMP,AMP,0.996,PepNet,1
GRAMPA_71,AMP,AMP,0.951,PepNet,1
GRAMPA_72,AMP,AMP,1,PepNet,1
GRAMPA_73,AMP,AMP,0.994,PepNet,1
GRAMPA_77,AMP,AMP,0.993,PepNet,1
GRAMPA_79,AMP,AMP,0.993,PepNet,1
GRAMPA_80,AMP,AMP,0.999,PepNet,1
GRAMPA_81,AMP,AMP,0.996,PepNet,1
GRAMPA_83,AMP,AMP,1,PepNet,1
GRAMPA_88,AMP,AMP,0.979,PepNet,1
GRAMPA_89,AMP,AMP,0.998,PepNet,1
GRAMPA_93,AMP,AMP,0.996,PepNet,1
GRAMPA_94,AMP,AMP,0.999,PepNet,1
GRAMPA_96,AMP,AMP,0.999,PepNet,1
GRAMPA_97,AMP,AMP,0.901,PepNet,1
GRAMPA_99,AMP,AMP,0.999,PepNet,1
GRAMPA_101,AMP,AMP,0.989,PepNet,1
GRAMPA_102,AMP,AMP,0.995,PepNet,1
GRAMPA_106,AMP,AMP,1,PepNet,1
GRAMPA_108,AMP,AMP,0.999,PepNet,1
GRAMPA_109,AMP,AMP,0.999,PepNet,1
GRAMPA_110,AMP,AMP,0.998,PepNet,1
GRAMPA_114,AMP,AMP,1,PepNet,1
GRAMPA_117,AMP,AMP,1,PepNet,1
GRAMPA_118,AMP,AMP,0.973,PepNet,1
GRAMPA_119,AMP,AMP,0.993,PepNet,1
GRAMPA_121,AMP,AMP,0.999,PepNet,1
GRAMPA_122,AMP,AMP,0.996,PepNet,1
GRAMPA_129,AMP,AMP,0.99,PepNet,1
GRAMPA_130,AMP,AMP,0.99,PepNet,1
GRAMPA_131,AMP,AMP,1,PepNet,1
GRAMPA_133,AMP,AMP,0.99,PepNet,1
GRAMPA_135,AMP,AMP,0.971,PepNet,1
GRAMPA_138,AMP,AMP,0.996,PepNet,1
GRAMPA_139,AMP,AMP,0.963,PepNet,1
GRAMPA_143,AMP,non-AMP,0.488,PepNet,1
GRAMPA_144,AMP,AMP,0.979,PepNet,1
GRAMPA_148,AMP,AMP,0.984,PepNet,1
GRAMPA_152,AMP,AMP,0.754,PepNet,1
GRAMPA_154,AMP,AMP,0.999,PepNet,1
GRAMPA_160,AMP,AMP,1,PepNet,1
GRAMPA_164,AMP,AMP,0.973,PepNet,1
GRAMPA_168,AMP,AMP,0.908,PepNet,1
GRAMPA_169,AMP,AMP,0.999,PepNet,1
GRAMPA_171,AMP,AMP,0.992,PepNet,1
GRAMPA_175,AMP,AMP,0.995,PepNet,1
GRAMPA_177,AMP,AMP,0.999,PepNet,1
GRAMPA_178,AMP,AMP,0.999,PepNet,1
GRAMPA_179,AMP,AMP,0.997,PepNet,1
GRAMPA_180,AMP,AMP,1,PepNet,1
GRAMPA_185,AMP,AMP,1,PepNet,1
GRAMPA_187,AMP,AMP,0.999,PepNet,1
GRAMPA_194,AMP,AMP,0.999,PepNet,1
GRAMPA_196,AMP,AMP,0.968,PepNet,1
GRAMPA_207,AMP,AMP,0.999,PepNet,1
GRAMPA_209,AMP,AMP,0.996,PepNet,1
GRAMPA_214,AMP,AMP,0.995,PepNet,1
GRAMPA_223,AMP,AMP,0.981,PepNet,1
GRAMPA_224,AMP,AMP,1,PepNet,1
GRAMPA_229,AMP,AMP,0.988,PepNet,1
GRAMPA_232,AMP,AMP,0.753,PepNet,1
GRAMPA_235,AMP,AMP,1,PepNet,1
GRAMPA_237,AMP,AMP,0.993,PepNet,1
GRAMPA_238,AMP,AMP,0.995,PepNet,1
GRAMPA_240,AMP,AMP,0.997,PepNet,1
GRAMPA_250,AMP,AMP,0.983,PepNet,1
GRAMPA_258,AMP,AMP,0.986,PepNet,1
GRAMPA_259,AMP,AMP,0.973,PepNet,1
GRAMPA_260,AMP,AMP,1,PepNet,1
GRAMPA_261,AMP,AMP,0.999,PepNet,1
GRAMPA_263,AMP,AMP,0.995,PepNet,1
GRAMPA_264,AMP,AMP,0.903,PepNet,1
GRAMPA_266,AMP,AMP,0.783,PepNet,1
GRAMPA_267,AMP,AMP,0.999,PepNet,1
GRAMPA_268,AMP,non-AMP,0.283,PepNet,1
GRAMPA_275,AMP,AMP,0.719,PepNet,1
GRAMPA_276,AMP,AMP,1,PepNet,1
GRAMPA_277,AMP,AMP,0.982,PepNet,1
GRAMPA_278,AMP,AMP,0.999,PepNet,1
GRAMPA_279,AMP,AMP,0.888,PepNet,1
GRAMPA_280,AMP,AMP,1,PepNet,1
GRAMPA_282,AMP,AMP,1,PepNet,1
GRAMPA_283,AMP,AMP,0.996,PepNet,1
GRAMPA_285,AMP,AMP,0.971,PepNet,1
GRAMPA_286,AMP,AMP,0.999,PepNet,1
GRAMPA_288,AMP,AMP,1,PepNet,1
GRAMPA_290,AMP,AMP,0.998,PepNet,1
GRAMPA_291,AMP,AMP,0.992,PepNet,1
GRAMPA_292,AMP,AMP,0.999,PepNet,1
GRAMPA_293,AMP,AMP,0.992,PepNet,1
GRAMPA_294,AMP,AMP,0.946,PepNet,1
GRAMPA_299,AMP,AMP,0.997,PepNet,1
GRAMPA_300,AMP,AMP,1,PepNet,1
GRAMPA_301,AMP,AMP,0.987,PepNet,1
GRAMPA_303,AMP,AMP,0.999,PepNet,1
GRAMPA_304,AMP,AMP,0.996,PepNet,1
GRAMPA_305,AMP,AMP,0.994,PepNet,1
GRAMPA_308,AMP,AMP,1,PepNet,1
GRAMPA_312,AMP,AMP,0.995,PepNet,1
GRAMPA_316,AMP,AMP,0.997,PepNet,1
GRAMPA_317,AMP,AMP,0.997,PepNet,1
GRAMPA_318,AMP,AMP,1,PepNet,1
GRAMPA_319,AMP,AMP,0.994,PepNet,1
GRAMPA_324,AMP,AMP,0.975,PepNet,1
GRAMPA_326,AMP,AMP,0.985,PepNet,1
GRAMPA_335,AMP,AMP,0.998,PepNet,1
GRAMPA_336,AMP,AMP,0.986,PepNet,1
GRAMPA_337,AMP,AMP,1,PepNet,1
GRAMPA_346,AMP,AMP,1,PepNet,1
GRAMPA_349,AMP,AMP,0.997,PepNet,1
GRAMPA_350,AMP,AMP,0.996,PepNet,1
GRAMPA_352,AMP,AMP,0.997,PepNet,1
GRAMPA_353,AMP,AMP,0.983,PepNet,1
GRAMPA_354,AMP,AMP,0.993,PepNet,1
GRAMPA_355,AMP,AMP,1,PepNet,1
GRAMPA_357,AMP,AMP,1,PepNet,1
GRAMPA_358,AMP,AMP,0.988,PepNet,1
GRAMPA_360,AMP,AMP,0.996,PepNet,1
GRAMPA_363,AMP,AMP,0.939,PepNet,1
GRAMPA_364,AMP,AMP,0.925,PepNet,1
GRAMPA_368,AMP,AMP,0.975,PepNet,1
GRAMPA_369,AMP,AMP,0.998,PepNet,1
GRAMPA_370,AMP,AMP,1,PepNet,1
GRAMPA_371,AMP,AMP,0.935,PepNet,1
GRAMPA_372,AMP,AMP,0.92,PepNet,1
GRAMPA_373,AMP,AMP,0.995,PepNet,1
GRAMPA_375,AMP,AMP,0.998,PepNet,1
GRAMPA_377,AMP,AMP,0.99,PepNet,1
GRAMPA_379,AMP,AMP,0.998,PepNet,1
GRAMPA_380,AMP,AMP,0.999,PepNet,1
GRAMPA_384,AMP,AMP,0.967,PepNet,1
GRAMPA_387,AMP,AMP,0.998,PepNet,1
GRAMPA_388,AMP,AMP,0.91,PepNet,1
GRAMPA_396,AMP,AMP,0.999,PepNet,1
GRAMPA_397,AMP,AMP,0.951,PepNet,1
GRAMPA_399,AMP,AMP,0.999,PepNet,1
GRAMPA_407,AMP,non-AMP,0.582,PepNet,1
GRAMPA_408,AMP,AMP,0.997,PepNet,1
GRAMPA_414,AMP,AMP,0.998,PepNet,1
GRAMPA_415,AMP,AMP,0.978,PepNet,1
GRAMPA_420,AMP,AMP,0.992,PepNet,1
GRAMPA_421,AMP,AMP,0.999,PepNet,1
GRAMPA_425,AMP,AMP,0.998,PepNet,1
GRAMPA_430,AMP,AMP,0.981,PepNet,1
GRAMPA_433,AMP,AMP,0.99,PepNet,1
GRAMPA_435,AMP,AMP,1,PepNet,1
GRAMPA_436,AMP,AMP,1,PepNet,1
GRAMPA_443,AMP,AMP,0.835,PepNet,1
GRAMPA_445,AMP,AMP,0.999,PepNet,1
GRAMPA_446,AMP,AMP,0.966,PepNet,1
GRAMPA_447,AMP,AMP,0.996,PepNet,1
GRAMPA_458,AMP,AMP,0.993,PepNet,1
GRAMPA_460,AMP,AMP,0.999,PepNet,1
GRAMPA_462,AMP,AMP,0.966,PepNet,1
GRAMPA_466,AMP,AMP,0.985,PepNet,1
GRAMPA_474,AMP,AMP,1,PepNet,1
GRAMPA_477,AMP,AMP,0.997,PepNet,1
GRAMPA_479,AMP,AMP,0.993,PepNet,1
GRAMPA_481,AMP,non-AMP,0.427,PepNet,1
GRAMPA_485,AMP,AMP,1,PepNet,1
GRAMPA_489,AMP,AMP,0.984,PepNet,1
GRAMPA_491,AMP,AMP,1,PepNet,1
GRAMPA_494,AMP,AMP,1,PepNet,1
GRAMPA_495,AMP,AMP,0.992,PepNet,1
GRAMPA_498,AMP,AMP,0.986,PepNet,1
GRAMPA_501,AMP,AMP,1,PepNet,1
GRAMPA_502,AMP,AMP,0.996,PepNet,1
GRAMPA_506,AMP,AMP,0.999,PepNet,1
GRAMPA_514,AMP,AMP,0.996,PepNet,1
GRAMPA_523,AMP,AMP,0.999,PepNet,1
GRAMPA_526,AMP,AMP,0.999,PepNet,1
GRAMPA_537,AMP,AMP,0.986,PepNet,1
GRAMPA_538,AMP,AMP,0.97,PepNet,1
GRAMPA_543,AMP,AMP,1,PepNet,1
GRAMPA_550,AMP,AMP,0.973,PepNet,1
GRAMPA_551,AMP,AMP,0.993,PepNet,1
GRAMPA_554,AMP,AMP,0.987,PepNet,1
GRAMPA_556,AMP,AMP,0.924,PepNet,1
GRAMPA_563,AMP,AMP,1,PepNet,1
GRAMPA_566,AMP,AMP,1,PepNet,1
GRAMPA_569,AMP,AMP,0.978,PepNet,1
GRAMPA_571,AMP,AMP,1,PepNet,1
GRAMPA_574,AMP,AMP,1,PepNet,1
GRAMPA_583,AMP,AMP,1,PepNet,1
GRAMPA_586,AMP,AMP,0.996,PepNet,1
GRAMPA_597,AMP,AMP,0.793,PepNet,1
GRAMPA_598,AMP,AMP,0.988,PepNet,1
GRAMPA_599,AMP,AMP,0.993,PepNet,1
GRAMPA_600,AMP,AMP,1,PepNet,1
GRAMPA_603,AMP,AMP,0.997,PepNet,1
GRAMPA_613,AMP,AMP,0.994,PepNet,1
GRAMPA_614,AMP,AMP,0.834,PepNet,1
GRAMPA_619,AMP,AMP,0.971,PepNet,1
GRAMPA_624,AMP,AMP,1,PepNet,1
GRAMPA_628,AMP,AMP,1,PepNet,1
GRAMPA_629,AMP,AMP,0.998,PepNet,1
GRAMPA_633,AMP,AMP,0.997,PepNet,1
GRAMPA_640,AMP,non-AMP,0.2,PepNet,1
GRAMPA_644,AMP,AMP,0.987,PepNet,1
GRAMPA_647,AMP,AMP,0.995,PepNet,1
GRAMPA_657,AMP,AMP,0.999,PepNet,1
GRAMPA_658,AMP,AMP,0.977,PepNet,1
GRAMPA_660,AMP,AMP,0.997,PepNet,1
GRAMPA_661,AMP,AMP,0.998,PepNet,1
GRAMPA_663,AMP,AMP,1,PepNet,1
GRAMPA_664,AMP,AMP,0.998,PepNet,1
GRAMPA_665,AMP,AMP,0.996,PepNet,1
GRAMPA_666,AMP,AMP,0.997,PepNet,1
GRAMPA_678,AMP,AMP,0.999,PepNet,1
GRAMPA_679,AMP,AMP,0.947,PepNet,1
GRAMPA_680,AMP,AMP,1,PepNet,1
GRAMPA_683,AMP,AMP,0.998,PepNet,1
GRAMPA_686,AMP,AMP,0.999,PepNet,1
GRAMPA_687,AMP,AMP,0.995,PepNet,1
GRAMPA_690,AMP,AMP,0.999,PepNet,1
GRAMPA_691,AMP,AMP,0.999,PepNet,1
GRAMPA_692,AMP,AMP,0.999,PepNet,1
GRAMPA_697,AMP,AMP,0.982,PepNet,1
GRAMPA_698,AMP,AMP,0.916,PepNet,1
GRAMPA_699,AMP,AMP,0.992,PepNet,1
GRAMPA_708,AMP,AMP,0.992,PepNet,1
GRAMPA_718,AMP,AMP,1,PepNet,1
GRAMPA_730,AMP,AMP,1,PepNet,1
GRAMPA_734,AMP,AMP,1,PepNet,1
GRAMPA_735,AMP,AMP,0.999,PepNet,1
GRAMPA_739,AMP,AMP,0.999,PepNet,1
GRAMPA_742,AMP,AMP,1,PepNet,1
GRAMPA_743,AMP,AMP,0.999,PepNet,1
GRAMPA_750,AMP,AMP,1,PepNet,1
GRAMPA_752,AMP,AMP,0.999,PepNet,1
GRAMPA_753,AMP,AMP,0.997,PepNet,1
GRAMPA_763,AMP,AMP,0.927,PepNet,1
GRAMPA_771,AMP,AMP,0.995,PepNet,1
GRAMPA_776,AMP,AMP,0.99,PepNet,1
GRAMPA_779,AMP,AMP,1,PepNet,1
GRAMPA_782,AMP,AMP,0.976,PepNet,1
GRAMPA_787,AMP,AMP,0.995,PepNet,1
GRAMPA_788,AMP,AMP,1,PepNet,1
GRAMPA_790,AMP,AMP,1,PepNet,1
GRAMPA_808,AMP,AMP,1,PepNet,1
GRAMPA_810,AMP,AMP,0.999,PepNet,1
GRAMPA_811,AMP,AMP,0.996,PepNet,1
GRAMPA_818,AMP,AMP,0.917,PepNet,1
GRAMPA_823,AMP,AMP,0.998,PepNet,1
GRAMPA_831,AMP,AMP,0.998,PepNet,1
GRAMPA_833,AMP,AMP,1,PepNet,1
GRAMPA_834,AMP,AMP,0.999,PepNet,1
GRAMPA_836,AMP,AMP,1,PepNet,1
GRAMPA_839,AMP,AMP,1,PepNet,1
GRAMPA_844,AMP,AMP,1,PepNet,1
GRAMPA_851,AMP,AMP,0.999,PepNet,1
GRAMPA_854,AMP,AMP,1,PepNet,1
GRAMPA_856,AMP,AMP,1,PepNet,1
GRAMPA_858,AMP,AMP,0.998,PepNet,1
GRAMPA_865,AMP,AMP,0.999,PepNet,1
GRAMPA_870,AMP,AMP,0.995,PepNet,1
GRAMPA_879,AMP,AMP,0.995,PepNet,1
GRAMPA_886,AMP,AMP,0.998,PepNet,1
GRAMPA_889,AMP,AMP,0.999,PepNet,1
GRAMPA_895,AMP,AMP,0.999,PepNet,1
GRAMPA_897,AMP,AMP,0.939,PepNet,1
GRAMPA_903,AMP,AMP,0.999,PepNet,1
GRAMPA_910,AMP,AMP,1,PepNet,1
GRAMPA_922,AMP,AMP,1,PepNet,1
GRAMPA_925,AMP,AMP,0.944,PepNet,1
GRAMPA_932,AMP,AMP,0.997,PepNet,1
GRAMPA_935,AMP,AMP,0.99,PepNet,1
GRAMPA_936,AMP,AMP,0.999,PepNet,1
GRAMPA_938,AMP,AMP,0.997,PepNet,1
GRAMPA_940,AMP,AMP,0.999,PepNet,1
GRAMPA_950,AMP,AMP,0.999,PepNet,1
GRAMPA_951,AMP,AMP,1,PepNet,1
GRAMPA_952,AMP,AMP,0.999,PepNet,1
GRAMPA_953,AMP,AMP,0.993,PepNet,1
GRAMPA_964,AMP,AMP,1,PepNet,1
GRAMPA_971,AMP,non-AMP,0.551,PepNet,1
GRAMPA_977,AMP,AMP,0.64,PepNet,1
GRAMPA_982,AMP,AMP,0.899,PepNet,1
GRAMPA_983,AMP,AMP,1,PepNet,1
GRAMPA_986,AMP,AMP,0.987,PepNet,1
GRAMPA_994,AMP,AMP,0.973,PepNet,1
GRAMPA_995,AMP,AMP,0.905,PepNet,1
GRAMPA_1004,AMP,AMP,0.945,PepNet,1
GRAMPA_1009,AMP,AMP,1,PepNet,1
GRAMPA_1015,AMP,AMP,0.904,PepNet,1
GRAMPA_1016,AMP,AMP,0.999,PepNet,1
GRAMPA_1023,AMP,AMP,0.993,PepNet,1
GRAMPA_1025,AMP,AMP,0.999,PepNet,1
GRAMPA_1030,AMP,AMP,0.961,PepNet,1
GRAMPA_1035,AMP,AMP,0.841,PepNet,1
GRAMPA_1036,AMP,AMP,0.947,PepNet,1
GRAMPA_1039,AMP,AMP,0.997,PepNet,1
GRAMPA_1040,AMP,AMP,0.891,PepNet,1
GRAMPA_1041,AMP,AMP,0.836,PepNet,1
GRAMPA_1061,AMP,non-AMP,0.082,PepNet,1
GRAMPA_1062,AMP,AMP,0.996,PepNet,1
GRAMPA_1064,AMP,AMP,0.971,PepNet,1
GRAMPA_1066,AMP,AMP,1,PepNet,1
GRAMPA_1072,AMP,AMP,1,PepNet,1
GRAMPA_1082,AMP,AMP,0.966,PepNet,1
GRAMPA_1095,AMP,AMP,0.999,PepNet,1
GRAMPA_1096,AMP,AMP,0.862,PepNet,1
GRAMPA_1101,AMP,AMP,0.737,PepNet,1
GRAMPA_1105,AMP,AMP,1,PepNet,1
GRAMPA_1109,AMP,AMP,0.999,PepNet,1
GRAMPA_1116,AMP,AMP,0.833,PepNet,1
GRAMPA_1120,AMP,non-AMP,0.303,PepNet,1
GRAMPA_1121,AMP,AMP,0.992,PepNet,1
GRAMPA_1122,AMP,AMP,1,PepNet,1
GRAMPA_1123,AMP,AMP,1,PepNet,1
GRAMPA_1134,AMP,AMP,0.977,PepNet,1
GRAMPA_1136,AMP,AMP,1,PepNet,1
GRAMPA_1138,AMP,AMP,1,PepNet,1
GRAMPA_1149,AMP,AMP,0.933,PepNet,1
GRAMPA_1150,AMP,AMP,0.997,PepNet,1
GRAMPA_1155,AMP,AMP,0.994,PepNet,1
GRAMPA_1160,AMP,AMP,0.998,PepNet,1
GRAMPA_1175,AMP,AMP,0.999,PepNet,1
GRAMPA_1178,AMP,AMP,1,PepNet,1
GRAMPA_1184,AMP,AMP,0.991,PepNet,1
GRAMPA_1188,AMP,AMP,0.985,PepNet,1
GRAMPA_1192,AMP,AMP,0.98,PepNet,1
GRAMPA_1194,AMP,non-AMP,0.155,PepNet,1
GRAMPA_1197,AMP,non-AMP,0.358,PepNet,1
GRAMPA_1206,AMP,AMP,0.995,PepNet,1
GRAMPA_1209,AMP,AMP,1,PepNet,1
GRAMPA_1210,AMP,non-AMP,0.089,PepNet,1
GRAMPA_1211,AMP,AMP,0.991,PepNet,1
GRAMPA_1214,AMP,AMP,0.808,PepNet,1
GRAMPA_1220,AMP,AMP,0.947,PepNet,1
GRAMPA_1222,AMP,AMP,0.999,PepNet,1
GRAMPA_1233,AMP,AMP,0.994,PepNet,1
GRAMPA_1237,AMP,AMP,0.997,PepNet,1
GRAMPA_1245,AMP,AMP,0.968,PepNet,1
GRAMPA_1248,AMP,AMP,0.998,PepNet,1
GRAMPA_1251,AMP,non-AMP,0.334,PepNet,1
GRAMPA_1260,AMP,non-AMP,0.365,PepNet,1
GRAMPA_1273,AMP,non-AMP,0.014,PepNet,1
GRAMPA_1279,AMP,AMP,0.996,PepNet,1
GRAMPA_1280,AMP,AMP,0.992,PepNet,1
GRAMPA_1284,AMP,non-AMP,0.571,PepNet,1
GRAMPA_1285,AMP,AMP,0.995,PepNet,1
GRAMPA_1287,AMP,AMP,1,PepNet,1
GRAMPA_1292,AMP,AMP,0.999,PepNet,1
GRAMPA_1302,AMP,AMP,1,PepNet,1
GRAMPA_1304,AMP,AMP,0.941,PepNet,1
GRAMPA_1305,AMP,AMP,1,PepNet,1
GRAMPA_1313,AMP,AMP,0.996,PepNet,1
GRAMPA_1318,AMP,AMP,0.949,PepNet,1
GRAMPA_1319,AMP,AMP,1,PepNet,1
GRAMPA_1339,AMP,AMP,0.934,PepNet,1
GRAMPA_1344,AMP,AMP,0.774,PepNet,1
GRAMPA_1346,AMP,AMP,0.992,PepNet,1
GRAMPA_1348,AMP,AMP,0.999,PepNet,1
GRAMPA_1365,AMP,AMP,0.848,PepNet,1
GRAMPA_1371,AMP,AMP,1,PepNet,1
GRAMPA_1374,AMP,AMP,0.971,PepNet,1
GRAMPA_1391,AMP,AMP,0.979,PepNet,1
GRAMPA_1396,AMP,AMP,0.898,PepNet,1
GRAMPA_1408,AMP,AMP,1,PepNet,1
GRAMPA_1411,AMP,AMP,0.998,PepNet,1
GRAMPA_1412,AMP,AMP,0.999,PepNet,1
GRAMPA_1423,AMP,AMP,0.978,PepNet,1
GRAMPA_1428,AMP,non-AMP,0.583,PepNet,1
GRAMPA_1429,AMP,AMP,1,PepNet,1
GRAMPA_1441,AMP,AMP,0.993,PepNet,1
GRAMPA_1453,AMP,AMP,1,PepNet,1
GRAMPA_1455,AMP,AMP,0.897,PepNet,1
GRAMPA_1462,AMP,AMP,0.997,PepNet,1
GRAMPA_1463,AMP,AMP,0.987,PepNet,1
GRAMPA_1464,AMP,AMP,0.999,PepNet,1
GRAMPA_1466,AMP,AMP,1,PepNet,1
GRAMPA_1467,AMP,AMP,0.992,PepNet,1
GRAMPA_1472,AMP,AMP,0.998,PepNet,1
GRAMPA_1476,AMP,non-AMP,0.534,PepNet,1
GRAMPA_1482,AMP,non-AMP,0.19,PepNet,1
GRAMPA_1487,AMP,AMP,1,PepNet,1
GRAMPA_1495,AMP,AMP,0.999,PepNet,1
GRAMPA_1503,AMP,AMP,0.999,PepNet,1
GRAMPA_1517,AMP,AMP,0.997,PepNet,1
GRAMPA_1521,AMP,AMP,0.845,PepNet,1
GRAMPA_1527,AMP,non-AMP,0.494,PepNet,1
GRAMPA_1530,AMP,AMP,1,PepNet,1
GRAMPA_1531,AMP,AMP,1,PepNet,1
GRAMPA_1533,AMP,AMP,0.991,PepNet,1
GRAMPA_1536,AMP,AMP,0.975,PepNet,1
GRAMPA_1537,AMP,AMP,0.989,PepNet,1
GRAMPA_1547,AMP,AMP,0.993,PepNet,1
GRAMPA_1551,AMP,AMP,1,PepNet,1
GRAMPA_1555,AMP,AMP,0.999,PepNet,1
GRAMPA_1557,AMP,AMP,0.911,PepNet,1
GRAMPA_1562,AMP,AMP,0.998,PepNet,1
GRAMPA_1563,AMP,AMP,0.913,PepNet,1
GRAMPA_1572,AMP,AMP,0.999,PepNet,1
GRAMPA_1573,AMP,AMP,0.995,PepNet,1
GRAMPA_1574,AMP,AMP,0.991,PepNet,1
GRAMPA_1578,AMP,AMP,0.833,PepNet,1
GRAMPA_1581,AMP,AMP,0.998,PepNet,1
GRAMPA_1585,AMP,AMP,0.98,PepNet,1
GRAMPA_1586,AMP,AMP,0.999,PepNet,1
GRAMPA_1588,AMP,non-AMP,0.373,PepNet,1
GRAMPA_1593,AMP,AMP,1,PepNet,1
GRAMPA_1601,AMP,AMP,0.995,PepNet,1
GRAMPA_1603,AMP,AMP,0.99,PepNet,1
GRAMPA_1610,AMP,non-AMP,0.433,PepNet,1
GRAMPA_1614,AMP,AMP,0.996,PepNet,1
GRAMPA_1630,AMP,AMP,1,PepNet,1
GRAMPA_1632,AMP,AMP,0.984,PepNet,1
GRAMPA_1633,AMP,AMP,1,PepNet,1
GRAMPA_1634,AMP,AMP,0.92,PepNet,1
GRAMPA_1647,AMP,AMP,0.999,PepNet,1
GRAMPA_1652,AMP,AMP,0.986,PepNet,1
GRAMPA_1654,AMP,AMP,0.995,PepNet,1
GRAMPA_1667,AMP,AMP,0.998,PepNet,1
GRAMPA_1668,AMP,AMP,0.923,PepNet,1
GRAMPA_1679,AMP,AMP,0.996,PepNet,1
GRAMPA_1682,AMP,AMP,0.999,PepNet,1
GRAMPA_1683,AMP,AMP,0.996,PepNet,1
GRAMPA_1686,AMP,AMP,0.998,PepNet,1
GRAMPA_1694,AMP,AMP,0.999,PepNet,1
GRAMPA_1698,AMP,AMP,0.997,PepNet,1
GRAMPA_1699,AMP,AMP,1,PepNet,1
GRAMPA_1723,AMP,AMP,1,PepNet,1
GRAMPA_1726,AMP,AMP,0.917,PepNet,1
GRAMPA_1730,AMP,non-AMP,0.098,PepNet,1
GRAMPA_1747,AMP,AMP,0.988,PepNet,1
GRAMPA_1750,AMP,AMP,0.974,PepNet,1
GRAMPA_1753,AMP,AMP,0.998,PepNet,1
GRAMPA_1756,AMP,AMP,0.999,PepNet,1
GRAMPA_1757,AMP,non-AMP,0.22,PepNet,1
GRAMPA_1758,AMP,AMP,0.96,PepNet,1
GRAMPA_1759,AMP,AMP,0.992,PepNet,1
GRAMPA_1768,AMP,AMP,0.999,PepNet,1
GRAMPA_1772,AMP,AMP,0.963,PepNet,1
GRAMPA_1774,AMP,non-AMP,0.05,PepNet,1
GRAMPA_1781,AMP,AMP,0.998,PepNet,1
GRAMPA_1782,AMP,AMP,0.991,PepNet,1
GRAMPA_1785,AMP,AMP,1,PepNet,1
GRAMPA_1792,AMP,non-AMP,0,PepNet,1
GRAMPA_1799,AMP,AMP,0.992,PepNet,1
GRAMPA_1800,AMP,AMP,0.999,PepNet,1
GRAMPA_1801,AMP,AMP,1,PepNet,1
GRAMPA_1803,AMP,AMP,0.995,PepNet,1
GRAMPA_1806,AMP,AMP,1,PepNet,1
GRAMPA_1807,AMP,non-AMP,0.268,PepNet,1
GRAMPA_1809,AMP,AMP,1,PepNet,1
GRAMPA_1818,AMP,AMP,0.996,PepNet,1
GRAMPA_1835,AMP,AMP,0.996,PepNet,1
GRAMPA_1843,AMP,AMP,0.994,PepNet,1
GRAMPA_1852,AMP,AMP,1,PepNet,1
GRAMPA_1867,AMP,AMP,0.999,PepNet,1
GRAMPA_1871,AMP,AMP,0.994,PepNet,1
GRAMPA_1875,AMP,AMP,0.998,PepNet,1
GRAMPA_1889,AMP,AMP,0.997,PepNet,1
GRAMPA_1892,AMP,non-AMP,0.003,PepNet,1
GRAMPA_1894,AMP,AMP,0.999,PepNet,1
GRAMPA_1896,AMP,AMP,0.954,PepNet,1
GRAMPA_1904,AMP,AMP,1,PepNet,1
GRAMPA_1905,AMP,AMP,0.998,PepNet,1
GRAMPA_1907,AMP,AMP,1,PepNet,1
GRAMPA_1916,AMP,AMP,0.995,PepNet,1
GRAMPA_1919,AMP,AMP,0.997,PepNet,1
GRAMPA_1922,AMP,AMP,1,PepNet,1
GRAMPA_1924,AMP,AMP,0.998,PepNet,1
GRAMPA_1925,AMP,AMP,0.811,PepNet,1
GRAMPA_1928,AMP,non-AMP,0.131,PepNet,1
GRAMPA_1936,AMP,AMP,1,PepNet,1
GRAMPA_1943,AMP,AMP,0.995,PepNet,1
GRAMPA_1952,AMP,AMP,1,PepNet,1
GRAMPA_1955,AMP,AMP,0.997,PepNet,1
GRAMPA_1958,AMP,AMP,1,PepNet,1
GRAMPA_1959,AMP,AMP,0.972,PepNet,1
GRAMPA_1968,AMP,AMP,0.999,PepNet,1
GRAMPA_1973,AMP,AMP,0.998,PepNet,1
GRAMPA_1977,AMP,AMP,0.957,PepNet,1
GRAMPA_1979,AMP,AMP,0.93,PepNet,1
GRAMPA_1984,AMP,AMP,0.988,PepNet,1
GRAMPA_1986,AMP,AMP,0.721,PepNet,1
GRAMPA_1987,AMP,AMP,0.983,PepNet,1
GRAMPA_1993,AMP,AMP,0.996,PepNet,1
GRAMPA_2001,AMP,AMP,0.93,PepNet,1
GRAMPA_2009,AMP,AMP,1,PepNet,1
GRAMPA_2011,AMP,non-AMP,0.182,PepNet,1
GRAMPA_2018,AMP,non-AMP,0.418,PepNet,1
GRAMPA_2019,AMP,AMP,1,PepNet,1
GRAMPA_2020,AMP,non-AMP,0.458,PepNet,1
GRAMPA_2021,AMP,AMP,0.994,PepNet,1
GRAMPA_2024,AMP,AMP,0.995,PepNet,1
GRAMPA_2036,AMP,AMP,0.999,PepNet,1
GRAMPA_2039,AMP,AMP,0.978,PepNet,1
GRAMPA_2041,AMP,AMP,1,PepNet,1
GRAMPA_2045,AMP,AMP,0.972,PepNet,1
GRAMPA_2047,AMP,AMP,0.998,PepNet,1
GRAMPA_2049,AMP,AMP,0.956,PepNet,1
GRAMPA_2051,AMP,AMP,0.975,PepNet,1
GRAMPA_2052,AMP,AMP,0.997,PepNet,1
GRAMPA_2055,AMP,AMP,1,PepNet,1
GRAMPA_2059,AMP,AMP,1,PepNet,1
GRAMPA_2077,AMP,AMP,0.691,PepNet,1
GRAMPA_2093,AMP,AMP,1,PepNet,1
GRAMPA_2095,AMP,AMP,0.861,PepNet,1
GRAMPA_2098,AMP,AMP,1,PepNet,1
GRAMPA_2099,AMP,AMP,0.99,PepNet,1
GRAMPA_2105,AMP,AMP,0.999,PepNet,1
GRAMPA_2107,AMP,AMP,0.827,PepNet,1
GRAMPA_2111,AMP,AMP,0.997,PepNet,1
GRAMPA_2112,AMP,AMP,0.999,PepNet,1
GRAMPA_2116,AMP,AMP,0.999,PepNet,1
GRAMPA_2119,AMP,AMP,0.989,PepNet,1
GRAMPA_2126,AMP,non-AMP,0.131,PepNet,1
GRAMPA_2134,AMP,AMP,1,PepNet,1
GRAMPA_2141,AMP,AMP,1,PepNet,1
GRAMPA_2142,AMP,AMP,1,PepNet,1
GRAMPA_2150,AMP,AMP,0.998,PepNet,1
GRAMPA_2154,AMP,AMP,0.994,PepNet,1
GRAMPA_2160,AMP,AMP,0.997,PepNet,1
GRAMPA_2164,AMP,AMP,0.998,PepNet,1
GRAMPA_2166,AMP,AMP,0.999,PepNet,1
GRAMPA_2168,AMP,AMP,1,PepNet,1
GRAMPA_2180,AMP,AMP,0.997,PepNet,1
GRAMPA_2183,AMP,AMP,0.998,PepNet,1
GRAMPA_2185,AMP,AMP,0.992,PepNet,1
GRAMPA_2191,AMP,AMP,0.983,PepNet,1
GRAMPA_2195,AMP,non-AMP,0.01,PepNet,1
GRAMPA_2196,AMP,AMP,0.997,PepNet,1
GRAMPA_2204,AMP,AMP,0.999,PepNet,1
GRAMPA_2207,AMP,AMP,0.996,PepNet,1
GRAMPA_2212,AMP,AMP,0.999,PepNet,1
GRAMPA_2223,AMP,AMP,0.882,PepNet,1
GRAMPA_2224,AMP,AMP,0.764,PepNet,1
GRAMPA_2225,AMP,AMP,0.95,PepNet,1
GRAMPA_2228,AMP,AMP,0.999,PepNet,1
GRAMPA_2229,AMP,non-AMP,0.025,PepNet,1
GRAMPA_2230,AMP,AMP,0.994,PepNet,1
GRAMPA_2236,AMP,AMP,0.999,PepNet,1
GRAMPA_2237,AMP,AMP,1,PepNet,1
GRAMPA_2238,AMP,AMP,0.978,PepNet,1
GRAMPA_2245,AMP,AMP,0.996,PepNet,1
GRAMPA_2256,AMP,AMP,0.995,PepNet,1
GRAMPA_2264,AMP,AMP,1,PepNet,1
GRAMPA_2266,AMP,AMP,1,PepNet,1
GRAMPA_2267,AMP,AMP,0.999,PepNet,1
GRAMPA_2269,AMP,AMP,0.776,PepNet,1
GRAMPA_2274,AMP,AMP,0.992,PepNet,1
GRAMPA_2275,AMP,AMP,0.999,PepNet,1
GRAMPA_2280,AMP,AMP,0.991,PepNet,1
GRAMPA_2284,AMP,AMP,0.976,PepNet,1
GRAMPA_2295,AMP,AMP,0.997,PepNet,1
GRAMPA_2298,AMP,AMP,1,PepNet,1
GRAMPA_2299,AMP,AMP,0.873,PepNet,1
GRAMPA_2311,AMP,AMP,1,PepNet,1
GRAMPA_2312,AMP,non-AMP,0.325,PepNet,1
GRAMPA_2318,AMP,non-AMP,0.145,PepNet,1
GRAMPA_2319,AMP,AMP,0.984,PepNet,1
GRAMPA_2322,AMP,AMP,0.999,PepNet,1
GRAMPA_2332,AMP,AMP,0.992,PepNet,1
GRAMPA_2354,AMP,AMP,0.993,PepNet,1
GRAMPA_2355,AMP,AMP,1,PepNet,1
GRAMPA_2367,AMP,AMP,1,PepNet,1
GRAMPA_2368,AMP,AMP,0.999,PepNet,1
GRAMPA_2377,AMP,AMP,0.999,PepNet,1
GRAMPA_2390,AMP,AMP,0.991,PepNet,1
GRAMPA_2393,AMP,AMP,1,PepNet,1
GRAMPA_2403,AMP,AMP,0.999,PepNet,1
GRAMPA_2404,AMP,AMP,1,PepNet,1
GRAMPA_2407,AMP,AMP,0.896,PepNet,1
GRAMPA_2411,AMP,AMP,1,PepNet,1
GRAMPA_2415,AMP,AMP,1,PepNet,1
GRAMPA_2423,AMP,AMP,0.996,PepNet,1
GRAMPA_2436,AMP,AMP,0.861,PepNet,1
GRAMPA_2445,AMP,non-AMP,0.012,PepNet,1
GRAMPA_2450,AMP,AMP,1,PepNet,1
GRAMPA_2461,AMP,AMP,0.993,PepNet,1
GRAMPA_2465,AMP,AMP,0.962,PepNet,1
GRAMPA_2468,AMP,AMP,0.991,PepNet,1
GRAMPA_2480,AMP,AMP,1,PepNet,1
GRAMPA_2485,AMP,AMP,1,PepNet,1
GRAMPA_2490,AMP,AMP,0.996,PepNet,1
GRAMPA_2492,AMP,AMP,1,PepNet,1
GRAMPA_2495,AMP,AMP,1,PepNet,1
GRAMPA_2505,AMP,AMP,0.999,PepNet,1
GRAMPA_2506,AMP,AMP,1,PepNet,1
GRAMPA_2517,AMP,AMP,0.987,PepNet,1
GRAMPA_2527,AMP,AMP,0.989,PepNet,1
GRAMPA_2532,AMP,AMP,0.929,PepNet,1
GRAMPA_2535,AMP,AMP,1,PepNet,1
GRAMPA_2536,AMP,AMP,0.998,PepNet,1
GRAMPA_2537,AMP,AMP,0.916,PepNet,1
GRAMPA_2538,AMP,non-AMP,0.005,PepNet,1
GRAMPA_2545,AMP,AMP,1,PepNet,1
GRAMPA_2547,AMP,AMP,0.99,PepNet,1
GRAMPA_2552,AMP,AMP,0.99,PepNet,1
GRAMPA_2560,AMP,AMP,0.787,PepNet,1
GRAMPA_2561,AMP,AMP,0.869,PepNet,1
GRAMPA_2562,AMP,AMP,0.994,PepNet,1
GRAMPA_2563,AMP,AMP,1,PepNet,1
GRAMPA_2566,AMP,AMP,0.967,PepNet,1
GRAMPA_2567,AMP,AMP,0.752,PepNet,1
GRAMPA_2569,AMP,AMP,1,PepNet,1
GRAMPA_2583,AMP,AMP,1,PepNet,1
GRAMPA_2586,AMP,AMP,0.995,PepNet,1
GRAMPA_2595,AMP,AMP,1,PepNet,1
GRAMPA_2609,AMP,AMP,0.996,PepNet,1
GRAMPA_2616,AMP,AMP,0.988,PepNet,1
GRAMPA_2622,AMP,AMP,1,PepNet,1
GRAMPA_2626,AMP,AMP,0.995,PepNet,1
GRAMPA_2634,AMP,AMP,0.998,PepNet,1
GRAMPA_2635,AMP,AMP,0.996,PepNet,1
GRAMPA_2639,AMP,AMP,1,PepNet,1
GRAMPA_2641,AMP,AMP,0.996,PepNet,1
GRAMPA_2651,AMP,non-AMP,0.426,PepNet,1
GRAMPA_2656,AMP,AMP,1,PepNet,1
GRAMPA_2677,AMP,AMP,0.705,PepNet,1
GRAMPA_2681,AMP,AMP,0.976,PepNet,1
GRAMPA_2684,AMP,AMP,0.968,PepNet,1
GRAMPA_2692,AMP,AMP,0.984,PepNet,1
GRAMPA_2696,AMP,AMP,0.99,PepNet,1
GRAMPA_2704,AMP,non-AMP,0.375,PepNet,1
GRAMPA_2705,AMP,AMP,0.98,PepNet,1
GRAMPA_2711,AMP,AMP,0.998,PepNet,1
GRAMPA_2716,AMP,non-AMP,0.391,PepNet,1
GRAMPA_2718,AMP,AMP,0.978,PepNet,1
GRAMPA_2729,AMP,AMP,0.984,PepNet,1
GRAMPA_2733,AMP,non-AMP,0.027,PepNet,1
GRAMPA_2734,AMP,AMP,0.987,PepNet,1
GRAMPA_2738,AMP,AMP,1,PepNet,1
GRAMPA_2743,AMP,AMP,0.998,PepNet,1
GRAMPA_2754,AMP,AMP,0.977,PepNet,1
GRAMPA_2764,AMP,AMP,1,PepNet,1
GRAMPA_2769,AMP,non-AMP,0.39,PepNet,1
GRAMPA_2775,AMP,AMP,0.912,PepNet,1
GRAMPA_2780,AMP,AMP,0.992,PepNet,1
GRAMPA_2781,AMP,AMP,0.997,PepNet,1
GRAMPA_2783,AMP,AMP,1,PepNet,1
GRAMPA_2784,AMP,AMP,0.674,PepNet,1
GRAMPA_2787,AMP,non-AMP,0.443,PepNet,1
GRAMPA_2790,AMP,AMP,0.991,PepNet,1
GRAMPA_2795,AMP,non-AMP,0.04,PepNet,1
GRAMPA_2798,AMP,AMP,0.991,PepNet,1
GRAMPA_2818,AMP,AMP,1,PepNet,1
GRAMPA_2829,AMP,AMP,0.986,PepNet,1
GRAMPA_2834,AMP,non-AMP,0.402,PepNet,1
GRAMPA_2839,AMP,AMP,0.994,PepNet,1
GRAMPA_2842,AMP,AMP,0.992,PepNet,1
GRAMPA_2843,AMP,non-AMP,0.097,PepNet,1
GRAMPA_2863,AMP,AMP,0.724,PepNet,1
GRAMPA_2864,AMP,AMP,0.959,PepNet,1
GRAMPA_2872,AMP,AMP,1,PepNet,1
GRAMPA_2879,AMP,AMP,0.998,PepNet,1
GRAMPA_2884,AMP,AMP,0.901,PepNet,1
GRAMPA_2897,AMP,AMP,0.999,PepNet,1
GRAMPA_2898,AMP,AMP,0.983,PepNet,1
GRAMPA_2906,AMP,AMP,0.983,PepNet,1
GRAMPA_2909,AMP,AMP,0.987,PepNet,1
GRAMPA_2922,AMP,AMP,0.997,PepNet,1
GRAMPA_2936,AMP,AMP,0.992,PepNet,1
GRAMPA_2946,AMP,AMP,0.966,PepNet,1
GRAMPA_2968,AMP,AMP,0.626,PepNet,1
GRAMPA_2972,AMP,non-AMP,0.014,PepNet,1
GRAMPA_2973,AMP,AMP,0.999,PepNet,1
GRAMPA_2974,AMP,non-AMP,0,PepNet,1
GRAMPA_2978,AMP,AMP,1,PepNet,1
GRAMPA_2991,AMP,AMP,0.991,PepNet,1
GRAMPA_3001,AMP,AMP,1,PepNet,1
GRAMPA_3002,AMP,AMP,0.982,PepNet,1
GRAMPA_3003,AMP,AMP,0.999,PepNet,1
GRAMPA_3012,AMP,AMP,0.995,PepNet,1
GRAMPA_3020,AMP,non-AMP,0.144,PepNet,1
GRAMPA_3026,AMP,AMP,1,PepNet,1
GRAMPA_3028,AMP,AMP,0.98,PepNet,1
GRAMPA_3035,AMP,non-AMP,0.412,PepNet,1
GRAMPA_3048,AMP,AMP,1,PepNet,1
GRAMPA_3051,AMP,non-AMP,0.01,PepNet,1
GRAMPA_3054,AMP,AMP,0.973,PepNet,1
GRAMPA_3061,AMP,non-AMP,0.557,PepNet,1
GRAMPA_3066,AMP,AMP,0.99,PepNet,1
GRAMPA_3095,AMP,AMP,0.999,PepNet,1
GRAMPA_3102,AMP,AMP,1,PepNet,1
GRAMPA_3103,AMP,AMP,0.997,PepNet,1
GRAMPA_3109,AMP,AMP,0.997,PepNet,1
GRAMPA_3125,AMP,AMP,0.99,PepNet,1
GRAMPA_3135,AMP,non-AMP,0.29,PepNet,1
GRAMPA_3158,AMP,non-AMP,0.002,PepNet,1
GRAMPA_3169,AMP,AMP,0.681,PepNet,1
GRAMPA_3171,AMP,AMP,0.999,PepNet,1
GRAMPA_3172,AMP,non-AMP,0.003,PepNet,1
GRAMPA_3176,AMP,AMP,0.998,PepNet,1
GRAMPA_3181,AMP,non-AMP,0.147,PepNet,1
GRAMPA_3195,AMP,AMP,0.979,PepNet,1
GRAMPA_3200,AMP,AMP,0.996,PepNet,1
GRAMPA_3210,AMP,AMP,0.993,PepNet,1
GRAMPA_3222,AMP,non-AMP,0.266,PepNet,1
GRAMPA_3232,AMP,AMP,0.982,PepNet,1
GRAMPA_3233,AMP,AMP,1,PepNet,1
GRAMPA_3235,AMP,AMP,0.999,PepNet,1
GRAMPA_3236,AMP,AMP,0.751,PepNet,1
GRAMPA_3237,AMP,AMP,1,PepNet,1
GRAMPA_3242,AMP,AMP,1,PepNet,1
GRAMPA_3246,AMP,AMP,1,PepNet,1
GRAMPA_3253,AMP,AMP,0.892,PepNet,1
GRAMPA_3258,AMP,AMP,1,PepNet,1
GRAMPA_3265,AMP,AMP,1,PepNet,1
GRAMPA_3272,AMP,AMP,0.913,PepNet,1
GRAMPA_3276,AMP,AMP,0.96,PepNet,1
GRAMPA_3284,AMP,AMP,0.999,PepNet,1
GRAMPA_3298,AMP,AMP,1,PepNet,1
GRAMPA_3301,AMP,AMP,0.999,PepNet,1
GRAMPA_3306,AMP,AMP,0.992,PepNet,1
GRAMPA_3308,AMP,AMP,0.902,PepNet,1
GRAMPA_3315,AMP,AMP,0.998,PepNet,1
GRAMPA_3324,AMP,AMP,0.989,PepNet,1
GRAMPA_3327,AMP,AMP,0.998,PepNet,1
GRAMPA_3331,AMP,non-AMP,0.599,PepNet,1
GRAMPA_3334,AMP,AMP,0.999,PepNet,1
GRAMPA_3363,AMP,AMP,0.974,PepNet,1
GRAMPA_3364,AMP,non-AMP,0.018,PepNet,1
GRAMPA_3376,AMP,AMP,0.994,PepNet,1
GRAMPA_3393,AMP,AMP,1,PepNet,1
GRAMPA_3395,AMP,AMP,1,PepNet,1
GRAMPA_3400,AMP,AMP,1,PepNet,1
GRAMPA_3402,AMP,AMP,0.999,PepNet,1
GRAMPA_3403,AMP,AMP,1,PepNet,1
GRAMPA_3408,AMP,AMP,1,PepNet,1
GRAMPA_3424,AMP,AMP,1,PepNet,1
GRAMPA_3432,AMP,AMP,1,PepNet,1
GRAMPA_3439,AMP,non-AMP,0.024,PepNet,1
GRAMPA_3447,AMP,AMP,1,PepNet,1
GRAMPA_3448,AMP,AMP,0.998,PepNet,1
GRAMPA_3460,AMP,AMP,0.938,PepNet,1
GRAMPA_3465,AMP,non-AMP,0.469,PepNet,1
GRAMPA_3469,AMP,AMP,0.991,PepNet,1
GRAMPA_3478,AMP,AMP,0.997,PepNet,1
GRAMPA_3480,AMP,AMP,0.982,PepNet,1
GRAMPA_3481,AMP,AMP,0.999,PepNet,1
GRAMPA_3484,AMP,AMP,0.999,PepNet,1
GRAMPA_3488,AMP,AMP,1,PepNet,1
GRAMPA_3489,AMP,AMP,0.999,PepNet,1
GRAMPA_3492,AMP,AMP,0.788,PepNet,1
GRAMPA_3504,AMP,AMP,0.912,PepNet,1
GRAMPA_3513,AMP,AMP,0.997,PepNet,1
GRAMPA_3514,AMP,AMP,0.972,PepNet,1
GRAMPA_3518,AMP,AMP,0.997,PepNet,1
GRAMPA_3519,AMP,AMP,0.929,PepNet,1
GRAMPA_3532,AMP,non-AMP,0.212,PepNet,1
GRAMPA_3534,AMP,AMP,1,PepNet,1
GRAMPA_3546,AMP,non-AMP,0.505,PepNet,1
GRAMPA_3548,AMP,AMP,1,PepNet,1
GRAMPA_3552,AMP,AMP,0.976,PepNet,1
GRAMPA_3557,AMP,AMP,0.956,PepNet,1
GRAMPA_3558,AMP,AMP,0.998,PepNet,1
GRAMPA_3570,AMP,AMP,0.804,PepNet,1
GRAMPA_3573,AMP,AMP,0.999,PepNet,1
GRAMPA_3584,AMP,AMP,0.999,PepNet,1
GRAMPA_3588,AMP,non-AMP,0.584,PepNet,1
GRAMPA_3593,AMP,non-AMP,0.022,PepNet,1
GRAMPA_3599,AMP,AMP,0.978,PepNet,1
GRAMPA_3600,AMP,non-AMP,0.016,PepNet,1
GRAMPA_3602,AMP,AMP,1,PepNet,1
GRAMPA_3619,AMP,AMP,1,PepNet,1
GRAMPA_3630,AMP,AMP,0.849,PepNet,1
GRAMPA_3646,AMP,AMP,1,PepNet,1
GRAMPA_3653,AMP,AMP,0.81,PepNet,1
GRAMPA_3675,AMP,AMP,1,PepNet,1
GRAMPA_3682,AMP,non-AMP,0.018,PepNet,1
GRAMPA_3688,AMP,AMP,0.971,PepNet,1
GRAMPA_3711,AMP,AMP,0.964,PepNet,1
GRAMPA_3714,AMP,AMP,0.999,PepNet,1
GRAMPA_3719,AMP,AMP,0.828,PepNet,1
GRAMPA_3736,AMP,AMP,0.992,PepNet,1
GRAMPA_3739,AMP,AMP,0.999,PepNet,1
GRAMPA_3744,AMP,non-AMP,0.009,PepNet,1
GRAMPA_3759,AMP,AMP,0.999,PepNet,1
GRAMPA_3762,AMP,AMP,0.999,PepNet,1
GRAMPA_3764,AMP,AMP,0.99,PepNet,1
GRAMPA_3771,AMP,AMP,1,PepNet,1
GRAMPA_3796,AMP,AMP,0.999,PepNet,1
GRAMPA_3801,AMP,AMP,0.998,PepNet,1
GRAMPA_3803,AMP,AMP,0.998,PepNet,1
GRAMPA_3804,AMP,AMP,0.998,PepNet,1
GRAMPA_3809,AMP,AMP,1,PepNet,1
GRAMPA_3812,AMP,AMP,0.997,PepNet,1
GRAMPA_3819,AMP,AMP,0.948,PepNet,1
GRAMPA_3821,AMP,AMP,1,PepNet,1
GRAMPA_3833,AMP,AMP,0.887,PepNet,1
GRAMPA_3854,AMP,AMP,1,PepNet,1
GRAMPA_3858,AMP,AMP,0.999,PepNet,1
GRAMPA_3883,AMP,AMP,0.967,PepNet,1
GRAMPA_3895,AMP,AMP,0.991,PepNet,1
GRAMPA_3914,AMP,AMP,0.998,PepNet,1
GRAMPA_3917,AMP,AMP,0.996,PepNet,1
GRAMPA_3919,AMP,AMP,1,PepNet,1
GRAMPA_3924,AMP,non-AMP,0.186,PepNet,1
GRAMPA_3926,AMP,AMP,0.999,PepNet,1
GRAMPA_3931,AMP,AMP,0.996,PepNet,1
GRAMPA_3938,AMP,AMP,0.973,PepNet,1
GRAMPA_3939,AMP,non-AMP,0.594,PepNet,1
GRAMPA_3946,AMP,AMP,0.901,PepNet,1
GRAMPA_3964,AMP,AMP,0.993,PepNet,1
GRAMPA_3966,AMP,AMP,0.829,PepNet,1
GRAMPA_3967,AMP,AMP,0.82,PepNet,1
GRAMPA_3969,AMP,AMP,1,PepNet,1
GRAMPA_3971,AMP,AMP,0.999,PepNet,1
GRAMPA_3979,AMP,AMP,0.993,PepNet,1
GRAMPA_3980,AMP,non-AMP,0.013,PepNet,1
GRAMPA_3985,AMP,AMP,0.998,PepNet,1
GRAMPA_4004,AMP,AMP,0.982,PepNet,1
GRAMPA_4008,AMP,AMP,0.962,PepNet,1
GRAMPA_4017,AMP,AMP,0.99,PepNet,1
GRAMPA_4025,AMP,AMP,0.964,PepNet,1
GRAMPA_4028,AMP,AMP,0.999,PepNet,1
GRAMPA_4037,AMP,AMP,0.989,PepNet,1
GRAMPA_4042,AMP,AMP,0.998,PepNet,1
GRAMPA_4053,AMP,non-AMP,0.198,PepNet,1
GRAMPA_4065,AMP,non-AMP,0.262,PepNet,1
GRAMPA_4070,AMP,non-AMP,0.308,PepNet,1
GRAMPA_4075,AMP,AMP,0.998,PepNet,1
GRAMPA_4086,AMP,AMP,0.999,PepNet,1
GRAMPA_4094,AMP,AMP,1,PepNet,1
GRAMPA_4099,AMP,non-AMP,0.151,PepNet,1
GRAMPA_4106,AMP,AMP,1,PepNet,1
GRAMPA_4109,AMP,AMP,0.996,PepNet,1
GRAMPA_4111,AMP,AMP,0.993,PepNet,1
GRAMPA_4136,AMP,AMP,0.989,PepNet,1
GRAMPA_4138,AMP,AMP,0.989,PepNet,1
GRAMPA_4150,AMP,AMP,0.999,PepNet,1
GRAMPA_4159,AMP,non-AMP,0.391,PepNet,1
GRAMPA_4162,AMP,AMP,1,PepNet,1
GRAMPA_4163,AMP,AMP,0.8,PepNet,1
GRAMPA_4176,AMP,AMP,0.995,PepNet,1
GRAMPA_4186,AMP,AMP,0.999,PepNet,1
GRAMPA_4189,AMP,AMP,0.989,PepNet,1
GRAMPA_4222,AMP,AMP,0.999,PepNet,1
GRAMPA_4226,AMP,AMP,0.999,PepNet,1
GRAMPA_4236,AMP,AMP,0.743,PepNet,1
GRAMPA_4238,AMP,AMP,0.994,PepNet,1
GRAMPA_4242,AMP,AMP,1,PepNet,1
GRAMPA_4261,AMP,AMP,0.999,PepNet,1
GRAMPA_4272,AMP,AMP,1,PepNet,1
GRAMPA_4286,AMP,AMP,0.998,PepNet,1
GRAMPA_4287,AMP,AMP,1,PepNet,1
GRAMPA_4290,AMP,non-AMP,0.211,PepNet,1
GRAMPA_4293,AMP,AMP,0.947,PepNet,1
GRAMPA_4299,AMP,AMP,1,PepNet,1
GRAMPA_4309,AMP,AMP,1,PepNet,1
GRAMPA_4312,AMP,AMP,0.739,PepNet,1
GRAMPA_4317,AMP,AMP,0.949,PepNet,1
GRAMPA_4326,AMP,AMP,1,PepNet,1
GRAMPA_4336,AMP,AMP,0.999,PepNet,1
GRAMPA_4338,AMP,AMP,0.819,PepNet,1
GRAMPA_4346,AMP,AMP,0.842,PepNet,1
GRAMPA_4350,AMP,AMP,0.996,PepNet,1
GRAMPA_4367,AMP,AMP,1,PepNet,1
GRAMPA_4369,AMP,AMP,0.996,PepNet,1
GRAMPA_4371,AMP,AMP,0.986,PepNet,1
GRAMPA_4388,AMP,AMP,1,PepNet,1
GRAMPA_4393,AMP,non-AMP,0.54,PepNet,1
GRAMPA_4398,AMP,AMP,1,PepNet,1
GRAMPA_4408,AMP,non-AMP,0.479,PepNet,1
GRAMPA_4414,AMP,AMP,1,PepNet,1
GRAMPA_4416,AMP,AMP,0.997,PepNet,1
GRAMPA_4440,AMP,AMP,0.942,PepNet,1
GRAMPA_4441,AMP,non-AMP,0.581,PepNet,1
GRAMPA_4452,AMP,non-AMP,0,PepNet,1
GRAMPA_4453,AMP,AMP,1,PepNet,1
GRAMPA_4455,AMP,AMP,1,PepNet,1
GRAMPA_4457,AMP,AMP,0.999,PepNet,1
GRAMPA_4458,AMP,non-AMP,0.003,PepNet,1
GRAMPA_4471,AMP,AMP,0.973,PepNet,1
GRAMPA_4474,AMP,AMP,0.992,PepNet,1
GRAMPA_4480,AMP,AMP,1,PepNet,1
GRAMPA_4482,AMP,AMP,0.999,PepNet,1
GRAMPA_4488,AMP,AMP,0.994,PepNet,1
GRAMPA_4513,AMP,AMP,0.989,PepNet,1
GRAMPA_4520,AMP,AMP,0.998,PepNet,1
GRAMPA_4525,AMP,AMP,1,PepNet,1
GRAMPA_4526,AMP,non-AMP,0.142,PepNet,1
GRAMPA_4550,AMP,AMP,0.982,PepNet,1
GRAMPA_4576,AMP,non-AMP,0.291,PepNet,1
GRAMPA_4577,AMP,AMP,0.992,PepNet,1
GRAMPA_4583,AMP,AMP,1,PepNet,1
GRAMPA_4585,AMP,non-AMP,0.085,PepNet,1
GRAMPA_4587,AMP,AMP,1,PepNet,1
GRAMPA_4590,AMP,AMP,0.996,PepNet,1
GRAMPA_4599,AMP,AMP,0.999,PepNet,1
GRAMPA_4612,AMP,AMP,0.999,PepNet,1
GRAMPA_4614,AMP,AMP,0.989,PepNet,1
GRAMPA_4632,AMP,AMP,0.972,PepNet,1
GRAMPA_4634,AMP,AMP,0.981,PepNet,1
GRAMPA_4660,AMP,non-AMP,0.149,PepNet,1
GRAMPA_4669,AMP,AMP,1,PepNet,1
GRAMPA_4673,AMP,AMP,1,PepNet,1
GRAMPA_4680,AMP,AMP,0.655,PepNet,1
GRAMPA_4683,AMP,AMP,0.96,PepNet,1
GRAMPA_4685,AMP,AMP,0.992,PepNet,1
GRAMPA_4687,AMP,AMP,0.998,PepNet,1
GRAMPA_4690,AMP,AMP,0.995,PepNet,1
GRAMPA_4697,AMP,AMP,0.996,PepNet,1
GRAMPA_4716,AMP,AMP,0.996,PepNet,1
GRAMPA_4717,AMP,AMP,1,PepNet,1
GRAMPA_4720,AMP,AMP,0.996,PepNet,1
GRAMPA_4737,AMP,AMP,0.843,PepNet,1
GRAMPA_4740,AMP,AMP,1,PepNet,1
GRAMPA_4749,AMP,AMP,0.983,PepNet,1
GRAMPA_4766,AMP,AMP,0.999,PepNet,1
GRAMPA_4770,AMP,AMP,0.67,PepNet,1
GRAMPA_4779,AMP,AMP,0.95,PepNet,1
GRAMPA_4782,AMP,AMP,1,PepNet,1
GRAMPA_4784,AMP,AMP,0.998,PepNet,1
GRAMPA_4786,AMP,AMP,0.998,PepNet,1
GRAMPA_4820,AMP,AMP,0.899,PepNet,1
GRAMPA_4834,AMP,AMP,0.998,PepNet,1
GRAMPA_4848,AMP,AMP,1,PepNet,1
GRAMPA_4850,AMP,AMP,0.996,PepNet,1
GRAMPA_4859,AMP,AMP,1,PepNet,1
GRAMPA_4880,AMP,AMP,0.999,PepNet,1
GRAMPA_4887,AMP,AMP,1,PepNet,1
GRAMPA_4888,AMP,non-AMP,0.001,PepNet,1
GRAMPA_4897,AMP,AMP,0.994,PepNet,1
GRAMPA_4908,AMP,AMP,0.982,PepNet,1
GRAMPA_4924,AMP,AMP,0.898,PepNet,1
GRAMPA_4925,AMP,AMP,1,PepNet,1
GRAMPA_4929,AMP,non-AMP,0.196,PepNet,1
GRAMPA_4938,AMP,AMP,1,PepNet,1
GRAMPA_4945,AMP,AMP,0.96,PepNet,1
GRAMPA_4946,AMP,AMP,0.981,PepNet,1
GRAMPA_4949,AMP,AMP,0.945,PepNet,1
GRAMPA_4951,AMP,AMP,0.998,PepNet,1
GRAMPA_4954,AMP,AMP,1,PepNet,1
GRAMPA_4955,AMP,AMP,1,PepNet,1
GRAMPA_4990,AMP,AMP,0.997,PepNet,1
GRAMPA_4992,AMP,AMP,0.725,PepNet,1
GRAMPA_4993,AMP,AMP,1,PepNet,1
GRAMPA_5016,AMP,AMP,0.998,PepNet,1
GRAMPA_5027,AMP,AMP,0.98,PepNet,1
GRAMPA_5033,AMP,AMP,0.92,PepNet,1
GRAMPA_5036,AMP,AMP,0.999,PepNet,1
GRAMPA_5037,AMP,AMP,0.994,PepNet,1
GRAMPA_5038,AMP,AMP,1,PepNet,1
GRAMPA_5044,AMP,non-AMP,0.105,PepNet,1
GRAMPA_5055,AMP,AMP,0.988,PepNet,1
GRAMPA_5057,AMP,non-AMP,0.116,PepNet,1
GRAMPA_5067,AMP,AMP,1,PepNet,1
GRAMPA_5077,AMP,AMP,0.905,PepNet,1
GRAMPA_5084,AMP,AMP,1,PepNet,1
GRAMPA_5100,AMP,AMP,0.992,PepNet,1
GRAMPA_5106,AMP,AMP,1,PepNet,1
GRAMPA_5110,AMP,AMP,0.85,PepNet,1
GRAMPA_5113,AMP,AMP,0.993,PepNet,1
GRAMPA_5122,AMP,AMP,1,PepNet,1
GRAMPA_5126,AMP,AMP,1,PepNet,1
GRAMPA_5131,AMP,AMP,0.995,PepNet,1
GRAMPA_5140,AMP,AMP,0.999,PepNet,1
GRAMPA_5142,AMP,AMP,0.996,PepNet,1
GRAMPA_5154,AMP,non-AMP,0.046,PepNet,1
GRAMPA_5167,AMP,AMP,0.995,PepNet,1
GRAMPA_5169,AMP,AMP,1,PepNet,1
GRAMPA_5191,AMP,AMP,0.999,PepNet,1
GRAMPA_5197,AMP,AMP,1,PepNet,1
GRAMPA_5201,AMP,AMP,0.999,PepNet,1
GRAMPA_5207,AMP,AMP,0.998,PepNet,1
GRAMPA_5210,AMP,AMP,0.999,PepNet,1
GRAMPA_5213,AMP,AMP,1,PepNet,1
GRAMPA_5222,AMP,AMP,0.998,PepNet,1
GRAMPA_5223,AMP,AMP,0.886,PepNet,1
GRAMPA_5224,AMP,AMP,0.923,PepNet,1
GRAMPA_5234,AMP,AMP,0.998,PepNet,1
GRAMPA_5237,AMP,AMP,1,PepNet,1
GRAMPA_5243,AMP,AMP,0.985,PepNet,1
GRAMPA_5249,AMP,non-AMP,0.013,PepNet,1
GRAMPA_5253,AMP,AMP,0.986,PepNet,1
GRAMPA_5254,AMP,AMP,0.988,PepNet,1
GRAMPA_5259,AMP,AMP,0.964,PepNet,1
GRAMPA_5262,AMP,AMP,0.966,PepNet,1
GRAMPA_5265,AMP,AMP,0.995,PepNet,1
GRAMPA_5268,AMP,AMP,0.997,PepNet,1
GRAMPA_5270,AMP,AMP,0.994,PepNet,1
GRAMPA_5271,AMP,AMP,1,PepNet,1
GRAMPA_5275,AMP,AMP,0.983,PepNet,1
GRAMPA_5280,AMP,AMP,0.999,PepNet,1
GRAMPA_5281,AMP,AMP,0.988,PepNet,1
GRAMPA_5288,AMP,non-AMP,0.186,PepNet,1
GRAMPA_5289,AMP,AMP,0.986,PepNet,1
GRAMPA_5294,AMP,non-AMP,0.405,PepNet,1
GRAMPA_5311,AMP,AMP,0.911,PepNet,1
GRAMPA_5314,AMP,AMP,0.952,PepNet,1
GRAMPA_5317,AMP,non-AMP,0.001,PepNet,1
GRAMPA_5352,AMP,AMP,0.938,PepNet,1
GRAMPA_5354,AMP,AMP,0.979,PepNet,1
GRAMPA_5356,AMP,AMP,0.694,PepNet,1
GRAMPA_5361,AMP,AMP,0.973,PepNet,1
GRAMPA_5371,AMP,AMP,0.943,PepNet,1
GRAMPA_5378,AMP,AMP,0.94,PepNet,1
GRAMPA_5388,AMP,AMP,0.999,PepNet,1
GRAMPA_5391,AMP,AMP,0.999,PepNet,1
GRAMPA_5396,AMP,non-AMP,0.048,PepNet,1
GRAMPA_5411,AMP,AMP,0.999,PepNet,1
GRAMPA_5414,AMP,AMP,0.999,PepNet,1
GRAMPA_5420,AMP,AMP,1,PepNet,1
GRAMPA_5435,AMP,AMP,0.996,PepNet,1
GRAMPA_5437,AMP,AMP,0.996,PepNet,1
GRAMPA_5438,AMP,AMP,0.992,PepNet,1
GRAMPA_5441,AMP,non-AMP,0.347,PepNet,1
GRAMPA_5442,AMP,AMP,1,PepNet,1
GRAMPA_5444,AMP,non-AMP,0.184,PepNet,1
GRAMPA_5465,AMP,non-AMP,0.521,PepNet,1
GRAMPA_5490,AMP,AMP,0.991,PepNet,1
GRAMPA_5491,AMP,AMP,0.964,PepNet,1
GRAMPA_5496,AMP,AMP,0.998,PepNet,1
GRAMPA_5507,AMP,AMP,0.896,PepNet,1
GRAMPA_5515,AMP,AMP,1,PepNet,1
GRAMPA_5530,AMP,AMP,0.997,PepNet,1
GRAMPA_5534,AMP,AMP,0.996,PepNet,1
GRAMPA_5540,AMP,AMP,0.734,PepNet,1
GRAMPA_5562,AMP,non-AMP,0.08,PepNet,1
GRAMPA_5569,AMP,AMP,1,PepNet,1
GRAMPA_5570,AMP,AMP,0.917,PepNet,1
GRAMPA_5572,AMP,AMP,1,PepNet,1
GRAMPA_5599,AMP,AMP,1,PepNet,1
GRAMPA_5601,AMP,AMP,0.999,PepNet,1
GRAMPA_5605,AMP,AMP,0.996,PepNet,1
GRAMPA_5619,AMP,AMP,0.996,PepNet,1
GRAMPA_5621,AMP,AMP,0.994,PepNet,1
GRAMPA_5622,AMP,AMP,0.987,PepNet,1
GRAMPA_5632,AMP,AMP,0.999,PepNet,1
GRAMPA_5647,AMP,non-AMP,0.025,PepNet,1
GRAMPA_5648,AMP,AMP,0.994,PepNet,1
GRAMPA_5651,AMP,AMP,0.999,PepNet,1
GRAMPA_5652,AMP,AMP,1,PepNet,1
GRAMPA_5653,AMP,AMP,0.998,PepNet,1
GRAMPA_5657,AMP,AMP,1,PepNet,1
GRAMPA_5672,AMP,AMP,0.994,PepNet,1
GRAMPA_5687,AMP,AMP,0.872,PepNet,1
GRAMPA_5691,AMP,AMP,0.999,PepNet,1
GRAMPA_5700,AMP,AMP,0.98,PepNet,1
GRAMPA_5704,AMP,AMP,0.978,PepNet,1
GRAMPA_5706,AMP,AMP,0.641,PepNet,1
GRAMPA_5713,AMP,non-AMP,0.029,PepNet,1
GRAMPA_5720,AMP,non-AMP,0.079,PepNet,1
GRAMPA_5734,AMP,AMP,0.999,PepNet,1
GRAMPA_5744,AMP,non-AMP,0.348,PepNet,1
GRAMPA_5746,AMP,AMP,0.956,PepNet,1
GRAMPA_5748,AMP,non-AMP,0.181,PepNet,1
GRAMPA_5757,AMP,non-AMP,0.364,PepNet,1
GRAMPA_5760,AMP,non-AMP,0.002,PepNet,1
GRAMPA_5761,AMP,AMP,0.997,PepNet,1
GRAMPA_5770,AMP,AMP,1,PepNet,1
GRAMPA_5773,AMP,AMP,0.999,PepNet,1
GRAMPA_5783,AMP,AMP,1,PepNet,1
GRAMPA_5788,AMP,AMP,1,PepNet,1
GRAMPA_5791,AMP,AMP,0.989,PepNet,1
GRAMPA_5795,AMP,AMP,0.996,PepNet,1
GRAMPA_5799,AMP,AMP,0.961,PepNet,1
GRAMPA_5800,AMP,AMP,0.871,PepNet,1
GRAMPA_5803,AMP,non-AMP,0.072,PepNet,1
GRAMPA_5805,AMP,AMP,0.996,PepNet,1
GRAMPA_5808,AMP,AMP,1,PepNet,1
GRAMPA_5817,AMP,AMP,1,PepNet,1
GRAMPA_5830,AMP,AMP,1,PepNet,1
GRAMPA_5832,AMP,AMP,0.995,PepNet,1
GRAMPA_5836,AMP,AMP,0.999,PepNet,1
GRAMPA_5839,AMP,AMP,0.986,PepNet,1
GRAMPA_5844,AMP,AMP,0.997,PepNet,1
GRAMPA_5845,AMP,AMP,0.996,PepNet,1
GRAMPA_5849,AMP,AMP,0.999,PepNet,1
GRAMPA_5859,AMP,AMP,0.988,PepNet,1
GRAMPA_5863,AMP,AMP,0.999,PepNet,1
GRAMPA_5864,AMP,AMP,1,PepNet,1
GRAMPA_5876,AMP,AMP,0.994,PepNet,1
GRAMPA_5880,AMP,AMP,1,PepNet,1
GRAMPA_5890,AMP,AMP,0.945,PepNet,1
GRAMPA_5892,AMP,AMP,1,PepNet,1
GRAMPA_5899,AMP,non-AMP,0.037,PepNet,1
GRAMPA_5907,AMP,AMP,1,PepNet,1
GRAMPA_5912,AMP,AMP,1,PepNet,1
GRAMPA_5913,AMP,AMP,0.995,PepNet,1
GRAMPA_5916,AMP,AMP,0.999,PepNet,1
GRAMPA_5918,AMP,AMP,0.985,PepNet,1
GRAMPA_5930,AMP,AMP,0.943,PepNet,1
GRAMPA_5933,AMP,AMP,1,PepNet,1
GRAMPA_5937,AMP,AMP,0.831,PepNet,1
GRAMPA_5940,AMP,AMP,0.85,PepNet,1
GRAMPA_5941,AMP,AMP,0.861,PepNet,1
GRAMPA_5943,AMP,AMP,0.999,PepNet,1
GRAMPA_5946,AMP,AMP,0.69,PepNet,1
GRAMPA_5948,AMP,AMP,1,PepNet,1
GRAMPA_5966,AMP,AMP,0.997,PepNet,1
GRAMPA_5968,AMP,AMP,1,PepNet,1
GRAMPA_5974,AMP,AMP,0.999,PepNet,1
GRAMPA_5977,AMP,AMP,0.999,PepNet,1
GRAMPA_2,AMP,AMP,0.95,PepNet,5
GRAMPA_17,AMP,AMP,0.999,PepNet,5
GRAMPA_21,AMP,AMP,0.987,PepNet,5
GRAMPA_30,AMP,AMP,0.999,PepNet,5
GRAMPA_35,AMP,AMP,0.999,PepNet,5
GRAMPA_37,AMP,AMP,0.996,PepNet,5
GRAMPA_56,AMP,AMP,1,PepNet,5
GRAMPA_57,AMP,AMP,0.997,PepNet,5
GRAMPA_69,AMP,AMP,0.994,PepNet,5
GRAMPA_115,AMP,AMP,0.971,PepNet,5
GRAMPA_120,AMP,AMP,0.999,PepNet,5
GRAMPA_123,AMP,AMP,1,PepNet,5
GRAMPA_147,AMP,AMP,0.717,PepNet,5
GRAMPA_161,AMP,AMP,0.978,PepNet,5
GRAMPA_170,AMP,AMP,0.993,PepNet,5
GRAMPA_189,AMP,AMP,1,PepNet,5
GRAMPA_190,AMP,AMP,0.998,PepNet,5
GRAMPA_203,AMP,AMP,0.985,PepNet,5
GRAMPA_204,AMP,AMP,0.999,PepNet,5
GRAMPA_219,AMP,AMP,0.997,PepNet,5
GRAMPA_225,AMP,AMP,0.999,PepNet,5
GRAMPA_246,AMP,AMP,0.994,PepNet,5
GRAMPA_262,AMP,AMP,1,PepNet,5
GRAMPA_270,AMP,AMP,0.999,PepNet,5
GRAMPA_297,AMP,AMP,0.985,PepNet,5
GRAMPA_331,AMP,AMP,1,PepNet,5
GRAMPA_334,AMP,AMP,0.991,PepNet,5
GRAMPA_342,AMP,AMP,0.999,PepNet,5
GRAMPA_348,AMP,AMP,0.979,PepNet,5
GRAMPA_391,AMP,AMP,1,PepNet,5
GRAMPA_395,AMP,AMP,0.991,PepNet,5
GRAMPA_401,AMP,AMP,0.878,PepNet,5
GRAMPA_403,AMP,AMP,0.999,PepNet,5
GRAMPA_412,AMP,AMP,1,PepNet,5
GRAMPA_423,AMP,AMP,0.998,PepNet,5
GRAMPA_432,AMP,AMP,0.999,PepNet,5
GRAMPA_444,AMP,AMP,0.996,PepNet,5
GRAMPA_451,AMP,AMP,0.998,PepNet,5
GRAMPA_472,AMP,non-AMP,0.309,PepNet,5
GRAMPA_480,AMP,AMP,0.999,PepNet,5
GRAMPA_483,AMP,AMP,0.992,PepNet,5
GRAMPA_496,AMP,AMP,0.99,PepNet,5
GRAMPA_513,AMP,AMP,0.958,PepNet,5
GRAMPA_534,AMP,AMP,0.999,PepNet,5
GRAMPA_541,AMP,AMP,0.997,PepNet,5
GRAMPA_542,AMP,AMP,0.997,PepNet,5
GRAMPA_544,AMP,AMP,0.992,PepNet,5
GRAMPA_548,AMP,AMP,0.998,PepNet,5
GRAMPA_553,AMP,non-AMP,0.074,PepNet,5
GRAMPA_560,AMP,AMP,0.996,PepNet,5
GRAMPA_572,AMP,AMP,0.997,PepNet,5
GRAMPA_575,AMP,AMP,0.985,PepNet,5
GRAMPA_576,AMP,AMP,0.987,PepNet,5
GRAMPA_656,AMP,AMP,0.997,PepNet,5
GRAMPA_671,AMP,AMP,0.999,PepNet,5
GRAMPA_713,AMP,AMP,0.983,PepNet,5
GRAMPA_732,AMP,AMP,0.991,PepNet,5
GRAMPA_755,AMP,AMP,0.993,PepNet,5
GRAMPA_791,AMP,AMP,1,PepNet,5
GRAMPA_805,AMP,AMP,0.996,PepNet,5
GRAMPA_866,AMP,AMP,0.988,PepNet,5
GRAMPA_914,AMP,AMP,0.983,PepNet,5
GRAMPA_996,AMP,AMP,0.995,PepNet,5
GRAMPA_1024,AMP,AMP,0.995,PepNet,5
GRAMPA_1034,AMP,AMP,0.999,PepNet,5
GRAMPA_1043,AMP,AMP,0.992,PepNet,5
GRAMPA_1052,AMP,AMP,0.998,PepNet,5
GRAMPA_1075,AMP,AMP,0.998,PepNet,5
GRAMPA_1131,AMP,AMP,0.999,PepNet,5
GRAMPA_1132,AMP,AMP,1,PepNet,5
GRAMPA_1144,AMP,AMP,0.999,PepNet,5
GRAMPA_1208,AMP,AMP,0.999,PepNet,5
GRAMPA_1293,AMP,AMP,1,PepNet,5
GRAMPA_1297,AMP,AMP,1,PepNet,5
GRAMPA_1303,AMP,AMP,0.98,PepNet,5
GRAMPA_1317,AMP,AMP,0.998,PepNet,5
GRAMPA_1340,AMP,AMP,0.983,PepNet,5
GRAMPA_1343,AMP,non-AMP,0.087,PepNet,5
GRAMPA_1357,AMP,AMP,0.997,PepNet,5
GRAMPA_1364,AMP,AMP,1,PepNet,5
GRAMPA_1370,AMP,AMP,0.981,PepNet,5
GRAMPA_1422,AMP,AMP,1,PepNet,5
GRAMPA_1432,AMP,AMP,0.999,PepNet,5
GRAMPA_1433,AMP,AMP,0.999,PepNet,5
GRAMPA_1445,AMP,AMP,1,PepNet,5
GRAMPA_1454,AMP,AMP,0.999,PepNet,5
GRAMPA_1483,AMP,AMP,0.999,PepNet,5
GRAMPA_1488,AMP,AMP,0.999,PepNet,5
GRAMPA_1493,AMP,AMP,0.906,PepNet,5
GRAMPA_1494,AMP,AMP,1,PepNet,5
GRAMPA_1499,AMP,AMP,0.999,PepNet,5
GRAMPA_1506,AMP,non-AMP,0.281,PepNet,5
GRAMPA_1508,AMP,AMP,0.982,PepNet,5
GRAMPA_1510,AMP,AMP,1,PepNet,5
GRAMPA_1519,AMP,non-AMP,0.008,PepNet,5
GRAMPA_1522,AMP,AMP,0.995,PepNet,5
GRAMPA_1524,AMP,AMP,0.984,PepNet,5
GRAMPA_1532,AMP,AMP,1,PepNet,5
GRAMPA_1564,AMP,AMP,0.994,PepNet,5
GRAMPA_1595,AMP,AMP,0.994,PepNet,5
GRAMPA_1616,AMP,AMP,1,PepNet,5
GRAMPA_1656,AMP,AMP,0.999,PepNet,5
GRAMPA_1663,AMP,AMP,1,PepNet,5
GRAMPA_1846,AMP,AMP,0.988,PepNet,5
GRAMPA_1848,AMP,AMP,0.999,PepNet,5
GRAMPA_1857,AMP,AMP,0.979,PepNet,5
GRAMPA_1937,AMP,AMP,1,PepNet,5
GRAMPA_1948,AMP,non-AMP,0.02,PepNet,5
GRAMPA_2000,AMP,AMP,0.991,PepNet,5
GRAMPA_2012,AMP,AMP,0.999,PepNet,5
GRAMPA_2050,AMP,AMP,0.999,PepNet,5
GRAMPA_2066,AMP,non-AMP,0.052,PepNet,5
GRAMPA_2083,AMP,AMP,1,PepNet,5
GRAMPA_2151,AMP,AMP,0.999,PepNet,5
GRAMPA_2152,AMP,AMP,1,PepNet,5
GRAMPA_2182,AMP,AMP,1,PepNet,5
GRAMPA_2197,AMP,AMP,1,PepNet,5
GRAMPA_2199,AMP,AMP,0.993,PepNet,5
GRAMPA_2273,AMP,AMP,0.988,PepNet,5
GRAMPA_2300,AMP,AMP,0.989,PepNet,5
GRAMPA_2339,AMP,AMP,0.928,PepNet,5
GRAMPA_2340,AMP,AMP,0.986,PepNet,5
GRAMPA_2358,AMP,AMP,1,PepNet,5
GRAMPA_2385,AMP,AMP,1,PepNet,5
GRAMPA_2389,AMP,AMP,0.995,PepNet,5
GRAMPA_2433,AMP,AMP,0.998,PepNet,5
GRAMPA_2446,AMP,AMP,1,PepNet,5
GRAMPA_2493,AMP,AMP,0.998,PepNet,5
GRAMPA_2513,AMP,AMP,0.998,PepNet,5
GRAMPA_2542,AMP,non-AMP,0.057,PepNet,5
GRAMPA_2571,AMP,AMP,0.907,PepNet,5
GRAMPA_2594,AMP,AMP,0.999,PepNet,5
GRAMPA_2629,AMP,AMP,0.997,PepNet,5
GRAMPA_2643,AMP,AMP,0.896,PepNet,5
GRAMPA_2659,AMP,AMP,0.999,PepNet,5
GRAMPA_2666,AMP,AMP,0.899,PepNet,5
GRAMPA_2728,AMP,AMP,1,PepNet,5
GRAMPA_2808,AMP,non-AMP,0.01,PepNet,5
GRAMPA_2823,AMP,non-AMP,0.008,PepNet,5
GRAMPA_2849,AMP,AMP,0.968,PepNet,5
GRAMPA_2869,AMP,non-AMP,0.189,PepNet,5
GRAMPA_2873,AMP,AMP,0.991,PepNet,5
GRAMPA_2892,AMP,AMP,1,PepNet,5
GRAMPA_2913,AMP,AMP,0.997,PepNet,5
GRAMPA_2938,AMP,AMP,1,PepNet,5
GRAMPA_2949,AMP,non-AMP,0.123,PepNet,5
GRAMPA_2954,AMP,AMP,1,PepNet,5
GRAMPA_2988,AMP,AMP,1,PepNet,5
GRAMPA_3053,AMP,AMP,0.987,PepNet,5
GRAMPA_3057,AMP,AMP,1,PepNet,5
GRAMPA_3083,AMP,AMP,1,PepNet,5
GRAMPA_3126,AMP,AMP,0.999,PepNet,5
GRAMPA_3128,AMP,AMP,0.999,PepNet,5
GRAMPA_3129,AMP,AMP,0.997,PepNet,5
GRAMPA_3140,AMP,AMP,0.999,PepNet,5
GRAMPA_3147,AMP,AMP,1,PepNet,5
GRAMPA_3212,AMP,AMP,0.998,PepNet,5
GRAMPA_3229,AMP,AMP,0.988,PepNet,5
GRAMPA_3256,AMP,AMP,0.991,PepNet,5
GRAMPA_3300,AMP,AMP,1,PepNet,5
GRAMPA_3357,AMP,AMP,0.999,PepNet,5
GRAMPA_3383,AMP,AMP,0.944,PepNet,5
GRAMPA_3420,AMP,AMP,0.998,PepNet,5
GRAMPA_3435,AMP,AMP,0.987,PepNet,5
GRAMPA_3441,AMP,non-AMP,0.248,PepNet,5
GRAMPA_3467,AMP,AMP,0.973,PepNet,5
GRAMPA_3501,AMP,AMP,0.831,PepNet,5
GRAMPA_3512,AMP,AMP,0.863,PepNet,5
GRAMPA_3515,AMP,AMP,0.957,PepNet,5
GRAMPA_3610,AMP,AMP,0.824,PepNet,5
GRAMPA_3627,AMP,AMP,0.997,PepNet,5
GRAMPA_3662,AMP,AMP,0.771,PepNet,5
GRAMPA_3668,AMP,non-AMP,0.337,PepNet,5
GRAMPA_3678,AMP,non-AMP,0.157,PepNet,5
GRAMPA_3785,AMP,AMP,0.922,PepNet,5
GRAMPA_3816,AMP,AMP,1,PepNet,5
GRAMPA_3855,AMP,AMP,0.996,PepNet,5
GRAMPA_3856,AMP,AMP,1,PepNet,5
GRAMPA_3905,AMP,AMP,0.987,PepNet,5
GRAMPA_3925,AMP,AMP,1,PepNet,5
GRAMPA_3972,AMP,AMP,0.923,PepNet,5
GRAMPA_3983,AMP,AMP,0.999,PepNet,5
GRAMPA_3994,AMP,AMP,0.999,PepNet,5
GRAMPA_4003,AMP,non-AMP,0.205,PepNet,5
GRAMPA_4016,AMP,AMP,1,PepNet,5
GRAMPA_4045,AMP,AMP,1,PepNet,5
GRAMPA_4051,AMP,AMP,0.997,PepNet,5
GRAMPA_4117,AMP,AMP,1,PepNet,5
GRAMPA_4127,AMP,AMP,1,PepNet,5
GRAMPA_4219,AMP,AMP,1,PepNet,5
GRAMPA_4251,AMP,AMP,0.925,PepNet,5
GRAMPA_4257,AMP,AMP,0.986,PepNet,5
GRAMPA_4328,AMP,AMP,1,PepNet,5
GRAMPA_4373,AMP,AMP,1,PepNet,5
GRAMPA_4374,AMP,AMP,0.996,PepNet,5
GRAMPA_4404,AMP,non-AMP,0.273,PepNet,5
GRAMPA_4432,AMP,AMP,1,PepNet,5
GRAMPA_4478,AMP,AMP,0.993,PepNet,5
GRAMPA_4494,AMP,AMP,0.999,PepNet,5
GRAMPA_4512,AMP,AMP,0.998,PepNet,5
GRAMPA_4544,AMP,non-AMP,0.125,PepNet,5
GRAMPA_4586,AMP,AMP,0.985,PepNet,5
GRAMPA_4589,AMP,AMP,0.994,PepNet,5
GRAMPA_4615,AMP,AMP,0.995,PepNet,5
GRAMPA_4721,AMP,AMP,0.999,PepNet,5
GRAMPA_4767,AMP,AMP,0.959,PepNet,5
GRAMPA_4787,AMP,AMP,1,PepNet,5
GRAMPA_4812,AMP,AMP,0.997,PepNet,5
GRAMPA_4817,AMP,non-AMP,0.004,PepNet,5
GRAMPA_4818,AMP,AMP,0.999,PepNet,5
GRAMPA_4852,AMP,AMP,0.991,PepNet,5
GRAMPA_4877,AMP,AMP,0.881,PepNet,5
GRAMPA_4895,AMP,AMP,0.996,PepNet,5
GRAMPA_4906,AMP,AMP,0.999,PepNet,5
GRAMPA_4918,AMP,non-AMP,0.057,PepNet,5
GRAMPA_4944,AMP,AMP,0.999,PepNet,5
GRAMPA_5046,AMP,AMP,0.749,PepNet,5
GRAMPA_5050,AMP,AMP,1,PepNet,5
GRAMPA_5162,AMP,non-AMP,0.19,PepNet,5
GRAMPA_5231,AMP,AMP,1,PepNet,5
GRAMPA_5244,AMP,AMP,1,PepNet,5
GRAMPA_5246,AMP,non-AMP,0.004,PepNet,5
GRAMPA_5255,AMP,non-AMP,0.04,PepNet,5
GRAMPA_5264,AMP,AMP,0.603,PepNet,5
GRAMPA_5272,AMP,AMP,0.992,PepNet,5
GRAMPA_5282,AMP,AMP,1,PepNet,5
GRAMPA_5291,AMP,AMP,0.946,PepNet,5
GRAMPA_5374,AMP,non-AMP,0.531,PepNet,5
GRAMPA_5395,AMP,AMP,0.834,PepNet,5
GRAMPA_5433,AMP,AMP,0.998,PepNet,5
GRAMPA_5488,AMP,AMP,1,PepNet,5
GRAMPA_5525,AMP,AMP,0.969,PepNet,5
GRAMPA_5592,AMP,AMP,0.905,PepNet,5
GRAMPA_5600,AMP,AMP,1,PepNet,5
GRAMPA_5606,AMP,AMP,1,PepNet,5
GRAMPA_5607,AMP,AMP,0.997,PepNet,5
GRAMPA_5649,AMP,non-AMP,0.002,PepNet,5
GRAMPA_5655,AMP,non-AMP,0.002,PepNet,5
GRAMPA_5663,AMP,AMP,0.993,PepNet,5
GRAMPA_5674,AMP,AMP,0.991,PepNet,5
GRAMPA_5676,AMP,AMP,0.998,PepNet,5
GRAMPA_5678,AMP,AMP,0.998,PepNet,5
GRAMPA_5682,AMP,AMP,0.994,PepNet,5
GRAMPA_5689,AMP,AMP,0.988,PepNet,5
GRAMPA_5702,AMP,non-AMP,0.016,PepNet,5
GRAMPA_5715,AMP,AMP,0.999,PepNet,5
GRAMPA_5721,AMP,AMP,1,PepNet,5
GRAMPA_5751,AMP,AMP,0.999,PepNet,5
GRAMPA_5779,AMP,AMP,1,PepNet,5
GRAMPA_5789,AMP,AMP,0.997,PepNet,5
GRAMPA_5798,AMP,AMP,1,PepNet,5
GRAMPA_5818,AMP,AMP,0.994,PepNet,5
GRAMPA_5819,AMP,AMP,1,PepNet,5
GRAMPA_5840,AMP,AMP,0.999,PepNet,5
GRAMPA_5846,AMP,AMP,0.999,PepNet,5
GRAMPA_5860,AMP,AMP,0.998,PepNet,5
GRAMPA_5878,AMP,AMP,1,PepNet,5
GRAMPA_5921,AMP,AMP,0.996,PepNet,5
GRAMPA_5923,AMP,AMP,0.994,PepNet,5
GRAMPA_5926,AMP,AMP,0.987,PepNet,5
GRAMPA_5976,AMP,AMP,1,PepNet,5
GRAMPA_11,AMP,AMP,0.994,PepNet,6
GRAMPA_20,AMP,AMP,0.997,PepNet,6
GRAMPA_23,AMP,AMP,0.97,PepNet,6
GRAMPA_24,AMP,AMP,0.993,PepNet,6
GRAMPA_34,AMP,AMP,0.965,PepNet,6
GRAMPA_43,AMP,AMP,1,PepNet,6
GRAMPA_44,AMP,AMP,0.987,PepNet,6
GRAMPA_52,AMP,AMP,0.993,PepNet,6
GRAMPA_61,AMP,AMP,0.996,PepNet,6
GRAMPA_64,AMP,AMP,0.889,PepNet,6
GRAMPA_74,AMP,AMP,0.991,PepNet,6
GRAMPA_75,AMP,AMP,1,PepNet,6
GRAMPA_90,AMP,AMP,0.994,PepNet,6
GRAMPA_104,AMP,AMP,0.991,PepNet,6
GRAMPA_107,AMP,AMP,0.699,PepNet,6
GRAMPA_116,AMP,AMP,0.999,PepNet,6
GRAMPA_124,AMP,AMP,0.999,PepNet,6
GRAMPA_127,AMP,AMP,1,PepNet,6
GRAMPA_141,AMP,AMP,0.995,PepNet,6
GRAMPA_167,AMP,AMP,1,PepNet,6
GRAMPA_173,AMP,AMP,0.988,PepNet,6
GRAMPA_200,AMP,AMP,0.999,PepNet,6
GRAMPA_201,AMP,non-AMP,0.185,PepNet,6
GRAMPA_210,AMP,AMP,0.999,PepNet,6
GRAMPA_213,AMP,AMP,0.999,PepNet,6
GRAMPA_222,AMP,AMP,1,PepNet,6
GRAMPA_230,AMP,AMP,0.999,PepNet,6
GRAMPA_236,AMP,AMP,0.999,PepNet,6
GRAMPA_247,AMP,non-AMP,0.149,PepNet,6
GRAMPA_253,AMP,AMP,0.998,PepNet,6
GRAMPA_320,AMP,AMP,0.996,PepNet,6
GRAMPA_344,AMP,AMP,0.888,PepNet,6
GRAMPA_417,AMP,AMP,0.989,PepNet,6
GRAMPA_419,AMP,AMP,0.994,PepNet,6
GRAMPA_427,AMP,AMP,0.999,PepNet,6
GRAMPA_459,AMP,AMP,0.999,PepNet,6
GRAMPA_465,AMP,AMP,0.999,PepNet,6
GRAMPA_468,AMP,AMP,0.945,PepNet,6
GRAMPA_512,AMP,AMP,0.875,PepNet,6
GRAMPA_545,AMP,AMP,0.998,PepNet,6
GRAMPA_549,AMP,AMP,0.797,PepNet,6
GRAMPA_561,AMP,AMP,0.992,PepNet,6
GRAMPA_565,AMP,AMP,1,PepNet,6
GRAMPA_615,AMP,AMP,0.993,PepNet,6
GRAMPA_621,AMP,AMP,0.998,PepNet,6
GRAMPA_627,AMP,AMP,1,PepNet,6
GRAMPA_651,AMP,AMP,0.908,PepNet,6
GRAMPA_654,AMP,AMP,0.992,PepNet,6
GRAMPA_659,AMP,AMP,1,PepNet,6
GRAMPA_711,AMP,AMP,0.99,PepNet,6
GRAMPA_717,AMP,AMP,0.99,PepNet,6
GRAMPA_729,AMP,AMP,0.975,PepNet,6
GRAMPA_738,AMP,AMP,0.995,PepNet,6
GRAMPA_745,AMP,AMP,1,PepNet,6
GRAMPA_749,AMP,AMP,0.964,PepNet,6
GRAMPA_756,AMP,AMP,0.941,PepNet,6
GRAMPA_768,AMP,AMP,0.999,PepNet,6
GRAMPA_792,AMP,AMP,1,PepNet,6
GRAMPA_877,AMP,AMP,0.978,PepNet,6
GRAMPA_931,AMP,AMP,0.902,PepNet,6
GRAMPA_946,AMP,AMP,0.98,PepNet,6
GRAMPA_981,AMP,AMP,0.977,PepNet,6
GRAMPA_1010,AMP,AMP,1,PepNet,6
GRAMPA_1042,AMP,AMP,0.995,PepNet,6
GRAMPA_1054,AMP,AMP,0.961,PepNet,6
GRAMPA_1092,AMP,AMP,0.999,PepNet,6
GRAMPA_1098,AMP,AMP,0.805,PepNet,6
GRAMPA_1115,AMP,AMP,0.897,PepNet,6
GRAMPA_1126,AMP,AMP,0.994,PepNet,6
GRAMPA_1141,AMP,AMP,0.996,PepNet,6
GRAMPA_1142,AMP,AMP,0.653,PepNet,6
GRAMPA_1168,AMP,AMP,0.829,PepNet,6
GRAMPA_1182,AMP,AMP,0.999,PepNet,6
GRAMPA_1231,AMP,AMP,0.701,PepNet,6
GRAMPA_1253,AMP,AMP,0.999,PepNet,6
GRAMPA_1269,AMP,AMP,0.944,PepNet,6
GRAMPA_1295,AMP,AMP,1,PepNet,6
GRAMPA_1314,AMP,non-AMP,0.198,PepNet,6
GRAMPA_1315,AMP,non-AMP,0.361,PepNet,6
GRAMPA_1349,AMP,AMP,0.997,PepNet,6
GRAMPA_1350,AMP,AMP,0.996,PepNet,6
GRAMPA_1351,AMP,AMP,1,PepNet,6
GRAMPA_1356,AMP,non-AMP,0.043,PepNet,6
GRAMPA_1395,AMP,AMP,0.997,PepNet,6
GRAMPA_1417,AMP,non-AMP,0.142,PepNet,6
GRAMPA_1424,AMP,AMP,0.999,PepNet,6
GRAMPA_1448,AMP,non-AMP,0.096,PepNet,6
GRAMPA_1501,AMP,AMP,1,PepNet,6
GRAMPA_1505,AMP,AMP,0.967,PepNet,6
GRAMPA_1514,AMP,AMP,0.998,PepNet,6
GRAMPA_1526,AMP,AMP,0.995,PepNet,6
GRAMPA_1535,AMP,non-AMP,0.052,PepNet,6
GRAMPA_1605,AMP,non-AMP,0.031,PepNet,6
GRAMPA_1661,AMP,non-AMP,0.003,PepNet,6
GRAMPA_1727,AMP,non-AMP,0.5,PepNet,6
GRAMPA_1763,AMP,AMP,0.953,PepNet,6
GRAMPA_1824,AMP,AMP,0.993,PepNet,6
GRAMPA_1855,AMP,AMP,1,PepNet,6
GRAMPA_1873,AMP,AMP,0.994,PepNet,6
GRAMPA_1910,AMP,AMP,0.96,PepNet,6
GRAMPA_1954,AMP,AMP,0.984,PepNet,6
GRAMPA_2031,AMP,AMP,0.844,PepNet,6
GRAMPA_2061,AMP,AMP,0.989,PepNet,6
GRAMPA_2113,AMP,AMP,0.825,PepNet,6
GRAMPA_2122,AMP,AMP,0.936,PepNet,6
GRAMPA_2157,AMP,AMP,0.995,PepNet,6
GRAMPA_2162,AMP,AMP,0.999,PepNet,6
GRAMPA_2253,AMP,AMP,0.995,PepNet,6
GRAMPA_2257,AMP,AMP,0.991,PepNet,6
GRAMPA_2302,AMP,AMP,0.989,PepNet,6
GRAMPA_2320,AMP,non-AMP,0.082,PepNet,6
GRAMPA_2334,AMP,AMP,0.996,PepNet,6
GRAMPA_2396,AMP,AMP,0.983,PepNet,6
GRAMPA_2472,AMP,AMP,0.977,PepNet,6
GRAMPA_2476,AMP,AMP,0.977,PepNet,6
GRAMPA_2482,AMP,AMP,0.98,PepNet,6
GRAMPA_2487,AMP,AMP,0.997,PepNet,6
GRAMPA_2618,AMP,AMP,0.996,PepNet,6
GRAMPA_2647,AMP,non-AMP,0.291,PepNet,6
GRAMPA_2719,AMP,non-AMP,0.068,PepNet,6
GRAMPA_2748,AMP,AMP,0.93,PepNet,6
GRAMPA_2768,AMP,AMP,0.94,PepNet,6
GRAMPA_2770,AMP,AMP,0.919,PepNet,6
GRAMPA_2819,AMP,AMP,0.997,PepNet,6
GRAMPA_2850,AMP,AMP,0.999,PepNet,6
GRAMPA_2852,AMP,non-AMP,0.202,PepNet,6
GRAMPA_2859,AMP,non-AMP,0.011,PepNet,6
GRAMPA_2893,AMP,AMP,0.866,PepNet,6
GRAMPA_2905,AMP,AMP,0.649,PepNet,6
GRAMPA_2935,AMP,AMP,0.731,PepNet,6
GRAMPA_2947,AMP,AMP,0.968,PepNet,6
GRAMPA_2961,AMP,AMP,1,PepNet,6
GRAMPA_3016,AMP,AMP,0.999,PepNet,6
GRAMPA_3031,AMP,AMP,1,PepNet,6
GRAMPA_3065,AMP,AMP,1,PepNet,6
GRAMPA_3076,AMP,AMP,0.999,PepNet,6
GRAMPA_3091,AMP,AMP,0.997,PepNet,6
GRAMPA_3098,AMP,AMP,0.965,PepNet,6
GRAMPA_3104,AMP,AMP,0.986,PepNet,6
GRAMPA_3106,AMP,AMP,0.777,PepNet,6
GRAMPA_3119,AMP,AMP,0.801,PepNet,6
GRAMPA_3134,AMP,AMP,1,PepNet,6
GRAMPA_3144,AMP,non-AMP,0.088,PepNet,6
GRAMPA_3154,AMP,AMP,1,PepNet,6
GRAMPA_3209,AMP,AMP,0.99,PepNet,6
GRAMPA_3223,AMP,AMP,0.978,PepNet,6
GRAMPA_3225,AMP,non-AMP,0.019,PepNet,6
GRAMPA_3287,AMP,AMP,0.9,PepNet,6
GRAMPA_3360,AMP,AMP,1,PepNet,6
GRAMPA_3373,AMP,non-AMP,0.304,PepNet,6
GRAMPA_3392,AMP,AMP,1,PepNet,6
GRAMPA_3409,AMP,AMP,0.996,PepNet,6
GRAMPA_3454,AMP,non-AMP,0.028,PepNet,6
GRAMPA_3457,AMP,AMP,0.978,PepNet,6
GRAMPA_3494,AMP,non-AMP,0.542,PepNet,6
GRAMPA_3510,AMP,AMP,0.994,PepNet,6
GRAMPA_3528,AMP,AMP,0.969,PepNet,6
GRAMPA_3531,AMP,AMP,0.931,PepNet,6
GRAMPA_3568,AMP,AMP,0.967,PepNet,6
GRAMPA_3660,AMP,AMP,1,PepNet,6
GRAMPA_3732,AMP,non-AMP,0.168,PepNet,6
GRAMPA_3754,AMP,AMP,0.96,PepNet,6
GRAMPA_3772,AMP,AMP,0.998,PepNet,6
GRAMPA_3786,AMP,AMP,0.998,PepNet,6
GRAMPA_3810,AMP,non-AMP,0.037,PepNet,6
GRAMPA_3869,AMP,AMP,0.965,PepNet,6
GRAMPA_3902,AMP,AMP,0.985,PepNet,6
GRAMPA_3913,AMP,AMP,0.97,PepNet,6
GRAMPA_4015,AMP,non-AMP,0.007,PepNet,6
GRAMPA_4020,AMP,non-AMP,0.005,PepNet,6
GRAMPA_4022,AMP,AMP,0.999,PepNet,6
GRAMPA_4049,AMP,AMP,1,PepNet,6
GRAMPA_4113,AMP,AMP,1,PepNet,6
GRAMPA_4124,AMP,non-AMP,0.05,PepNet,6
GRAMPA_4129,AMP,AMP,0.968,PepNet,6
GRAMPA_4147,AMP,AMP,1,PepNet,6
GRAMPA_4181,AMP,non-AMP,0.021,PepNet,6
GRAMPA_4214,AMP,AMP,0.909,PepNet,6
GRAMPA_4228,AMP,non-AMP,0.033,PepNet,6
GRAMPA_4294,AMP,AMP,0.955,PepNet,6
GRAMPA_4348,AMP,non-AMP,0.009,PepNet,6
GRAMPA_4360,AMP,AMP,0.946,PepNet,6
GRAMPA_4382,AMP,AMP,0.685,PepNet,6
GRAMPA_4405,AMP,AMP,0.991,PepNet,6
GRAMPA_4412,AMP,non-AMP,0.011,PepNet,6
GRAMPA_4424,AMP,AMP,0.983,PepNet,6
GRAMPA_4444,AMP,AMP,0.997,PepNet,6
GRAMPA_4449,AMP,AMP,0.993,PepNet,6
GRAMPA_4487,AMP,AMP,0.985,PepNet,6
GRAMPA_4497,AMP,AMP,0.999,PepNet,6
GRAMPA_4725,AMP,AMP,0.868,PepNet,6
GRAMPA_4752,AMP,AMP,0.865,PepNet,6
GRAMPA_4754,AMP,AMP,0.911,PepNet,6
GRAMPA_4759,AMP,AMP,0.993,PepNet,6
GRAMPA_4777,AMP,AMP,1,PepNet,6
GRAMPA_4832,AMP,AMP,0.998,PepNet,6
GRAMPA_4863,AMP,AMP,0.943,PepNet,6
GRAMPA_4911,AMP,AMP,0.963,PepNet,6
GRAMPA_4913,AMP,AMP,0.969,PepNet,6
GRAMPA_4933,AMP,non-AMP,0.301,PepNet,6
GRAMPA_4997,AMP,AMP,0.995,PepNet,6
GRAMPA_5005,AMP,AMP,0.964,PepNet,6
GRAMPA_5017,AMP,non-AMP,0.1,PepNet,6
GRAMPA_5019,AMP,AMP,0.992,PepNet,6
GRAMPA_5068,AMP,AMP,0.987,PepNet,6
GRAMPA_5075,AMP,AMP,1,PepNet,6
GRAMPA_5137,AMP,AMP,0.851,PepNet,6
GRAMPA_5200,AMP,non-AMP,0.064,PepNet,6
GRAMPA_5276,AMP,AMP,0.998,PepNet,6
GRAMPA_5284,AMP,AMP,0.997,PepNet,6
GRAMPA_5298,AMP,AMP,0.992,PepNet,6
GRAMPA_5337,AMP,AMP,0.986,PepNet,6
GRAMPA_5345,AMP,AMP,0.868,PepNet,6
GRAMPA_5370,AMP,AMP,0.991,PepNet,6
GRAMPA_5418,AMP,AMP,0.997,PepNet,6
GRAMPA_5430,AMP,AMP,0.988,PepNet,6
GRAMPA_5436,AMP,AMP,0.926,PepNet,6
GRAMPA_5448,AMP,AMP,0.995,PepNet,6
GRAMPA_5457,AMP,non-AMP,0.126,PepNet,6
GRAMPA_5483,AMP,non-AMP,0.057,PepNet,6
GRAMPA_5489,AMP,AMP,1,PepNet,6
GRAMPA_5513,AMP,AMP,0.999,PepNet,6
GRAMPA_5518,AMP,AMP,0.981,PepNet,6
GRAMPA_5533,AMP,AMP,0.983,PepNet,6
GRAMPA_5542,AMP,non-AMP,0.224,PepNet,6
GRAMPA_5545,AMP,non-AMP,0,PepNet,6
GRAMPA_5547,AMP,non-AMP,0.063,PepNet,6
GRAMPA_5551,AMP,non-AMP,0.034,PepNet,6
GRAMPA_5591,AMP,non-AMP,0.485,PepNet,6
GRAMPA_5594,AMP,AMP,0.996,PepNet,6
GRAMPA_5603,AMP,AMP,1,PepNet,6
GRAMPA_5610,AMP,AMP,0.989,PepNet,6
GRAMPA_5666,AMP,AMP,0.999,PepNet,6
GRAMPA_5680,AMP,non-AMP,0.235,PepNet,6
GRAMPA_5712,AMP,non-AMP,0.022,PepNet,6
GRAMPA_5739,AMP,AMP,0.994,PepNet,6
GRAMPA_5750,AMP,AMP,0.999,PepNet,6
GRAMPA_5758,AMP,non-AMP,0.001,PepNet,6
GRAMPA_5816,AMP,non-AMP,0.242,PepNet,6
GRAMPA_5874,AMP,AMP,0.996,PepNet,6
GRAMPA_5877,AMP,AMP,0.996,PepNet,6
GRAMPA_5901,AMP,AMP,1,PepNet,6
GRAMPA_5962,AMP,non-AMP,0.297,PepNet,6
GRAMPA_5964,AMP,AMP,0.977,PepNet,6
GRAMPA_1,AMP,AMP,1,PepNet,7
GRAMPA_3,AMP,AMP,0.951,PepNet,7
GRAMPA_54,AMP,AMP,0.994,PepNet,7
GRAMPA_76,AMP,AMP,0.998,PepNet,7
GRAMPA_78,AMP,AMP,0.999,PepNet,7
GRAMPA_137,AMP,AMP,0.997,PepNet,7
GRAMPA_215,AMP,AMP,0.994,PepNet,7
GRAMPA_265,AMP,AMP,0.818,PepNet,7
GRAMPA_306,AMP,AMP,0.995,PepNet,7
GRAMPA_323,AMP,AMP,0.99,PepNet,7
GRAMPA_383,AMP,AMP,0.94,PepNet,7
GRAMPA_409,AMP,AMP,0.998,PepNet,7
GRAMPA_463,AMP,AMP,0.999,PepNet,7
GRAMPA_471,AMP,AMP,0.998,PepNet,7
GRAMPA_476,AMP,AMP,0.988,PepNet,7
GRAMPA_507,AMP,AMP,0.998,PepNet,7
GRAMPA_522,AMP,AMP,0.996,PepNet,7
GRAMPA_532,AMP,AMP,1,PepNet,7
GRAMPA_533,AMP,AMP,0.985,PepNet,7
GRAMPA_546,AMP,non-AMP,0.051,PepNet,7
GRAMPA_645,AMP,AMP,0.999,PepNet,7
GRAMPA_684,AMP,AMP,0.934,PepNet,7
GRAMPA_705,AMP,AMP,0.995,PepNet,7
GRAMPA_824,AMP,AMP,1,PepNet,7
GRAMPA_892,AMP,AMP,0.999,PepNet,7
GRAMPA_941,AMP,AMP,1,PepNet,7
GRAMPA_956,AMP,non-AMP,0.019,PepNet,7
GRAMPA_972,AMP,AMP,0.975,PepNet,7
GRAMPA_1065,AMP,AMP,0.999,PepNet,7
GRAMPA_1174,AMP,AMP,1,PepNet,7
GRAMPA_1225,AMP,AMP,0.999,PepNet,7
GRAMPA_1329,AMP,AMP,1,PepNet,7
GRAMPA_1380,AMP,AMP,1,PepNet,7
GRAMPA_1567,AMP,AMP,0.964,PepNet,7
GRAMPA_1657,AMP,AMP,0.999,PepNet,7
GRAMPA_1717,AMP,AMP,0.997,PepNet,7
GRAMPA_1745,AMP,AMP,0.835,PepNet,7
GRAMPA_1761,AMP,AMP,0.995,PepNet,7
GRAMPA_1838,AMP,AMP,0.986,PepNet,7
GRAMPA_1912,AMP,AMP,0.998,PepNet,7
GRAMPA_1931,AMP,AMP,0.998,PepNet,7
GRAMPA_2069,AMP,AMP,0.999,PepNet,7
GRAMPA_2129,AMP,AMP,1,PepNet,7
GRAMPA_2202,AMP,AMP,0.997,PepNet,7
GRAMPA_2289,AMP,AMP,1,PepNet,7
GRAMPA_2500,AMP,AMP,0.972,PepNet,7
GRAMPA_2548,AMP,AMP,0.997,PepNet,7
GRAMPA_3006,AMP,non-AMP,0.523,PepNet,7
GRAMPA_3149,AMP,non-AMP,0.018,PepNet,7
GRAMPA_3184,AMP,AMP,0.994,PepNet,7
GRAMPA_3187,AMP,AMP,0.999,PepNet,7
GRAMPA_3192,AMP,non-AMP,0.089,PepNet,7
GRAMPA_3211,AMP,AMP,0.999,PepNet,7
GRAMPA_3309,AMP,non-AMP,0.569,PepNet,7
GRAMPA_3423,AMP,AMP,0.996,PepNet,7
GRAMPA_3428,AMP,non-AMP,0.036,PepNet,7
GRAMPA_3429,AMP,AMP,0.977,PepNet,7
GRAMPA_3525,AMP,AMP,1,PepNet,7
GRAMPA_3847,AMP,AMP,0.991,PepNet,7
GRAMPA_4006,AMP,AMP,0.999,PepNet,7
GRAMPA_4097,AMP,AMP,0.996,PepNet,7
GRAMPA_4155,AMP,non-AMP,0.003,PepNet,7
GRAMPA_4171,AMP,AMP,0.998,PepNet,7
GRAMPA_4419,AMP,AMP,0.991,PepNet,7
GRAMPA_4575,AMP,AMP,0.688,PepNet,7
GRAMPA_4658,AMP,AMP,0.999,PepNet,7
GRAMPA_4659,AMP,AMP,1,PepNet,7
GRAMPA_4982,AMP,AMP,0.998,PepNet,7
GRAMPA_5125,AMP,AMP,0.999,PepNet,7
GRAMPA_5134,AMP,AMP,1,PepNet,7
GRAMPA_5226,AMP,AMP,0.997,PepNet,7
GRAMPA_5235,AMP,AMP,0.999,PepNet,7
GRAMPA_5236,AMP,AMP,0.998,PepNet,7
GRAMPA_5239,AMP,AMP,0.963,PepNet,7
GRAMPA_5384,AMP,non-AMP,0.184,PepNet,7
GRAMPA_5668,AMP,AMP,0.999,PepNet,7
GRAMPA_5698,AMP,AMP,0.999,PepNet,7
GRAMPA_5719,AMP,AMP,0.999,PepNet,7
GRAMPA_5780,AMP,non-AMP,0.002,PepNet,7
GRAMPA_5884,AMP,AMP,0.994,PepNet,7
GRAMPA_5906,AMP,AMP,0.99,PepNet,7
GRAMPA_5928,AMP,AMP,0.992,PepNet,7
GRAMPA_5952,AMP,AMP,0.997,PepNet,7